-- phpMyAdmin SQL Dump
-- version 5.0.2
-- https://www.phpmyadmin.net/
--
-- Host: 127.0.0.1
-- Generation Time: Sep 17, 2020 at 11:58 AM
-- Server version: 10.4.13-MariaDB
-- PHP Version: 7.4.7

SET SQL_MODE = "NO_AUTO_VALUE_ON_ZERO";
START TRANSACTION;
SET time_zone = "+00:00";


/*!40101 SET @OLD_CHARACTER_SET_CLIENT=@@CHARACTER_SET_CLIENT */;
/*!40101 SET @OLD_CHARACTER_SET_RESULTS=@@CHARACTER_SET_RESULTS */;
/*!40101 SET @OLD_COLLATION_CONNECTION=@@COLLATION_CONNECTION */;
/*!40101 SET NAMES utf8mb4 */;

--
-- Database: `blog`
--
CREATE DATABASE IF NOT EXISTS `blog` DEFAULT CHARACTER SET utf8 COLLATE utf8_general_ci;
USE `blog`;

-- --------------------------------------------------------

--
-- Table structure for table `blogs`
--

CREATE TABLE `blogs` (
  `id` int(10) UNSIGNED NOT NULL,
  `title` varchar(191) COLLATE utf8mb4_unicode_ci NOT NULL,
  `content` text COLLATE utf8mb4_unicode_ci NOT NULL,
  `created_at` timestamp NULL DEFAULT NULL,
  `updated_at` timestamp NULL DEFAULT NULL
) ENGINE=InnoDB DEFAULT CHARSET=utf8mb4 COLLATE=utf8mb4_unicode_ci;

--
-- Dumping data for table `blogs`
--

INSERT INTO `blogs` (`id`, `title`, `content`, `created_at`, `updated_at`) VALUES
(2, 'demo_Sketch1', 'ทดสอบการสร้าง content ในระบบการทำงานของโปรแกรม', '2020-08-29 06:40:22', '2020-08-29 06:40:22');

-- --------------------------------------------------------

--
-- Table structure for table `migrations`
--

CREATE TABLE `migrations` (
  `id` int(10) UNSIGNED NOT NULL,
  `migration` varchar(191) COLLATE utf8mb4_unicode_ci NOT NULL,
  `batch` int(11) NOT NULL
) ENGINE=InnoDB DEFAULT CHARSET=utf8mb4 COLLATE=utf8mb4_unicode_ci;

--
-- Dumping data for table `migrations`
--

INSERT INTO `migrations` (`id`, `migration`, `batch`) VALUES
(1, '2014_10_12_000000_create_users_table', 1),
(2, '2014_10_12_100000_create_password_resets_table', 1),
(3, '2020_08_27_171142_create_blogs_table', 1);

-- --------------------------------------------------------

--
-- Table structure for table `password_resets`
--

CREATE TABLE `password_resets` (
  `email` varchar(191) COLLATE utf8mb4_unicode_ci NOT NULL,
  `token` varchar(191) COLLATE utf8mb4_unicode_ci NOT NULL,
  `created_at` timestamp NULL DEFAULT NULL
) ENGINE=InnoDB DEFAULT CHARSET=utf8mb4 COLLATE=utf8mb4_unicode_ci;

-- --------------------------------------------------------

--
-- Table structure for table `users`
--

CREATE TABLE `users` (
  `id` bigint(20) UNSIGNED NOT NULL,
  `name` varchar(191) COLLATE utf8mb4_unicode_ci NOT NULL,
  `email` varchar(191) COLLATE utf8mb4_unicode_ci NOT NULL,
  `email_verified_at` timestamp NULL DEFAULT NULL,
  `password` varchar(191) COLLATE utf8mb4_unicode_ci NOT NULL,
  `remember_token` varchar(100) COLLATE utf8mb4_unicode_ci DEFAULT NULL,
  `created_at` timestamp NULL DEFAULT NULL,
  `updated_at` timestamp NULL DEFAULT NULL
) ENGINE=InnoDB DEFAULT CHARSET=utf8mb4 COLLATE=utf8mb4_unicode_ci;

--
-- Indexes for dumped tables
--

--
-- Indexes for table `blogs`
--
ALTER TABLE `blogs`
  ADD PRIMARY KEY (`id`);

--
-- Indexes for table `migrations`
--
ALTER TABLE `migrations`
  ADD PRIMARY KEY (`id`);

--
-- Indexes for table `password_resets`
--
ALTER TABLE `password_resets`
  ADD KEY `password_resets_email_index` (`email`);

--
-- Indexes for table `users`
--
ALTER TABLE `users`
  ADD PRIMARY KEY (`id`),
  ADD UNIQUE KEY `users_email_unique` (`email`);

--
-- AUTO_INCREMENT for dumped tables
--

--
-- AUTO_INCREMENT for table `blogs`
--
ALTER TABLE `blogs`
  MODIFY `id` int(10) UNSIGNED NOT NULL AUTO_INCREMENT, AUTO_INCREMENT=4;

--
-- AUTO_INCREMENT for table `migrations`
--
ALTER TABLE `migrations`
  MODIFY `id` int(10) UNSIGNED NOT NULL AUTO_INCREMENT, AUTO_INCREMENT=4;

--
-- AUTO_INCREMENT for table `users`
--
ALTER TABLE `users`
  MODIFY `id` bigint(20) UNSIGNED NOT NULL AUTO_INCREMENT;
--
-- Database: `coreui`
--
CREATE DATABASE IF NOT EXISTS `coreui` DEFAULT CHARACTER SET utf8 COLLATE utf8_general_ci;
USE `coreui`;
--
-- Database: `course`
--
CREATE DATABASE IF NOT EXISTS `course` DEFAULT CHARACTER SET utf8 COLLATE utf8_general_ci;
USE `course`;

-- --------------------------------------------------------

--
-- Table structure for table `instructor`
--

CREATE TABLE `instructor` (
  `instructor_id` varchar(50) NOT NULL,
  `citizen_id` varchar(50) DEFAULT NULL,
  `year` varchar(50) DEFAULT NULL,
  `semester_id` varchar(50) DEFAULT NULL,
  `faculty_id` varchar(50) DEFAULT NULL,
  `title_id` varchar(50) DEFAULT NULL,
  `stf_name` varchar(50) DEFAULT NULL,
  `stf_lname` varchar(50) DEFAULT NULL
) ENGINE=InnoDB DEFAULT CHARSET=utf8;

--
-- Dumping data for table `instructor`
--

INSERT INTO `instructor` (`instructor_id`, `citizen_id`, `year`, `semester_id`, `faculty_id`, `title_id`, `stf_name`, `stf_lname`) VALUES
('4', '5.4507E+12', '2551', '2', '2', '2', 'กนกวรรณ', 'เลื่อยคลัง'),
('5', '3.5601E+12', '2551', '2', '3', '2', 'กรรณิการ์', 'คันทมาศ'),
('6', '3.9002E+12', '2551', '2', '1', '1', 'เจริญ', 'แก้วประดิษฐ์'),
('7', '3.2403E+12', '2551', '2', '4', '2', 'กรรณิการ์', 'มาระโภชน์'),
('8', '3.2499E+12', '2551', '2', '7', '1', 'กฤษฎา', 'เนียรศิริ'),
('9', '3.2499E+12', '2551', '2', '2', '3', 'กัญญา', 'เกื้อหนุน'),
('10', '5.4507E+12', '2551', '2', '2', '2', 'กนกวรรณ', 'เลื่อยคลัง'),
('11', '3.2499E+12', '2551', '2', '1', '3', 'สุรัตน์', 'สุทธกุล'),
('12', '3.5208E+12', '2551', '2', '1', '3', 'ปานจิต', 'โรจนวณิชชาการ'),
('13', '3.2099E+12', '2551', '2', '1', '3', 'ฑาทิมา', 'แก้วศิริ'),
('14', '3.6007E+12', '2551', '2', '1', '3', 'อภิรดี', 'เมืองเดช'),
('15', '3.2401E+12', '2551', '2', '1', '2', 'อภิรดี', 'ศิริวงศ์'),
('16', '3.2005E+12', '2551', '2', '1', '3', 'อังคณา', 'กุลนภาดล'),
('17', '3.3006E+12', '2551', '2', '1', '2', 'ลินดา', 'นาคโปย'),
('18', '3.2499E+12', '2551', '2', '1', '3', 'รุ้งรวี', 'อำนาจตระกูล'),
('19', '3.4409E+12', '2551', '2', '10', '2', 'เพ็ญศรี', 'ปักกะสีนัง'),
('20', '3.2401E+12', '2551', '2', '1', '3', 'พิภัทรา', 'สิมะโรจนา'),
('21', '3.2401E+12', '2551', '2', '1', '2', 'สุนทรีย์', 'ธรรมสุวรรณ'),
('22', '3.2499E+12', '2551', '2', '2', '1', 'สุพัฒน์', 'เศรษฐคมกุล'),
('23', '3.2503E+12', '2551', '2', '1', '1', 'สุพัฒน์', 'สุขเกษม'),
('24', '3.2401E+12', '2551', '2', '1', '2', 'สุพรัตรา', 'แดงเจริญ'),
('25', '3.1006E+12', '2551', '2', '1', '1', 'สุรศักดิ์', 'ศรีสวรรค์'),
('26', '3.7601E+12', '2551', '2', '1', '1', 'ธีรยุทธ', 'จันทร์เขียว'),
('27', '3.2401E+12', '2551', '2', '1', '2', 'ชัชฏาภรณ์', 'ตันตะราวงศา'),
('28', '3.2006E+12', '2551', '2', '1', '1', 'เขมทัส', 'พุทธรักษา'),
('29', '3.4706E+12', '2551', '2', '1', '2', 'กุลยารัตน์', 'ทัศมี'),
('30', '5.6508E+12', '2551', '2', '1', '2', 'นลินี', 'เอี่ยมสะอาด'),
('31', '3.9203E+12', '2551', '2', '1', '1', 'วิโรจน์', 'จุฑาภิรักษ์'),
('32', '3.2499E+12', '2551', '2', '1', '1', 'พรชัย', 'รัตนธรรม'),
('33', '3.2103E+12', '2551', '2', '1', '2', 'ทัศวรรณ', 'คงจันตรี'),
('34', '3.4015E+12', '2551', '2', '1', '2', 'อมรรัศมี', 'จิณรักษ์'),
('35', '3.7699E+12', '2551', '2', '1', '2', 'ดวงพร', 'ภู่ผะกา'),
('36', '5.2409E+12', '2551', '2', '3', '2', 'วงเดือน', 'คัยนันทน์'),
('37', '3.6104E+12', '2551', '2', '11', '2', 'วงเดือน', 'ไม้สนธิ์'),
('38', '3.2499E+12', '2551', '2', '1', '3', 'ระวีวรรณ', 'บุญวิรัตน์'),
('39', '3.2401E+12', '2551', '2', '1', '1', 'กิจจา', 'สิงห์ยศ'),
('40', '3.2404E+12', '2551', '2', '1', '2', 'ขณิดา', 'จรุงจิตต์'),
('41', '3.1006E+12', '2551', '2', '1', '1', 'คุณวุฒิ', 'สุวพานิช'),
('42', '3.4101E+12', '2551', '2', '1', '2', 'จารุวรรณ', 'สิงห์ม่วง'),
('43', '3.8099E+12', '2551', '2', '1', '2', 'จิราภรณ์', 'สันทนาคณิต'),
('44', '3.2499E+12', '2551', '2', '1', '1', 'ชัชพงษ์', 'เชาว์สวัสดิ์'),
('45', '3.2499E+12', '2551', '2', '1', '1', 'ชาญ', 'มงคล'),
('46', '3.251E+12', '2551', '2', '1', '1', 'เชาวลิต', 'ขันคำ'),
('47', '3.2406E+12', '2551', '2', '1', '1', 'ณรงค์ศักดิ์', 'พิทักษ์ตันสกุล'),
('48', '3.1702E+12', '2551', '2', '1', '1', 'ณรงค์ศักดิ์', 'พุดเผือก'),
('49', '3.2099E+12', '2551', '2', '1', '1', 'ณัฐวุฒิ', 'แก้วศิริ'),
('50', '3.3001E+12', '2551', '2', '1', '1', 'ทสพล', 'รวมฉิมพลี'),
('51', '3.2001E+12', '2551', '2', '1', '3', 'ธีรดา', 'บุบผามาลา'),
('52', '3.2501E+12', '2551', '2', '1', '2', 'นภกานต์', 'หน่ายคอน'),
('53', '3.1007E+12', '2551', '2', '1', '1', 'นิพนธ์', 'ปริญญาวุฒิชัย'),
('54', '3.1911E+12', '2551', '2', '1', '2', 'นุจรินทร์', 'อาจปรุ'),
('55', '3.2499E+12', '2551', '2', '1', '1', 'ประสิทธิ์', 'มั่นมงคล'),
('56', '3.1014E+12', '2551', '2', '1', '1', 'พรสิน', 'สุภวาลย์'),
('57', '3.2401E+12', '2551', '2', '1', '2', 'มนฤดี', 'โกมลภิส'),
('58', '3.2206E+12', '2551', '2', '1', '1', 'วรพจน์', 'ทำเนียบ'),
('59', '3.2499E+12', '2551', '2', '1', '3', 'วฤชา', 'กาญจนอักษร'),
('60', '3.3099E+12', '2551', '2', '1', '1', 'วัชรพงษ์', 'ครูเกษตร'),
('61', '3.1014E+12', '2551', '2', '1', '3', 'พิชญสิณี', 'อริยธนะกตวงษ์'),
('62', '3.101E+12', '2551', '2', '1', '2', 'สถาพร', 'ดียิ่ง'),
('63', '3.1022E+12', '2551', '2', '1', '3', 'สุกัญญา', 'เลียบวัน'),
('64', '3.6005E+12', '2551', '2', '1', '2', 'สุพรรณี', 'แจ่มสว่าง'),
('65', '3.1906E+12', '2551', '2', '1', '1', 'สุรพงศ์', 'คล้ายเกตุ'),
('66', '3.2499E+12', '2551', '2', '1', '3', 'สุวิมล', 'มั่นมงคล'),
('67', '3.8406E+12', '2551', '2', '1', '1', 'อภิชาติ', 'สังข์ทอง'),
('68', '3.2009E+12', '2551', '2', '1', '2', 'อริศรา', 'ตั้งวารี'),
('69', '3.201E+12', '2551', '2', '1', '2', 'อัมพร', 'อุดมศักดิ์สกุล'),
('70', '3.2499E+12', '2551', '2', '2', '3', 'กันยา', 'ลุมพิกานนท์'),
('71', '3.2499E+12', '2551', '2', '2', '3', 'เกื้อกูล', 'สถาพรวจนา'),
('72', '3.1009E+12', '2551', '2', '2', '3', 'จิตติพร', 'บ่มไล่'),
('73', '3.1017E+12', '2551', '2', '2', '3', 'จิตรา', 'ชนะกุล'),
('74', '3.2603E+12', '2551', '2', '2', '3', 'จิราภรณ์', 'พจนาอารีย์วงศ์'),
('75', '3.9099E+12', '2551', '2', '2', '1', 'ฉัตรชัย', 'ประภัศร'),
('76', '3.1014E+12', '2551', '2', '2', '2', 'ฐิติมาวดี', 'เจริญรัชต์'),
('77', '3.3413E+12', '2551', '2', '2', '1', 'ทวีศิลป์', 'กุลนภาดล'),
('78', '3.2402E+12', '2551', '2', '2', '2', 'ทัศนีย์', 'รอดมั่นคง'),
('79', '3.2506E+12', '2551', '2', '2', '1', 'ปฐวีร์', 'วิจบ'),
('80', '3.2498E+12', '2551', '2', '2', '3', 'ประกอบกูล', 'นาคพิทักษ์'),
('81', '3.2602E+12', '2551', '2', '2', '3', 'พจนีย์', 'มั่งคั่ง'),
('82', '3.1018E+12', '2551', '2', '2', '2', 'พรรณรายณ์', 'ทรัพย์แสนดี'),
('83', '3.2499E+12', '2551', '2', '2', '3', 'พรรณี', 'รัตนธรรม'),
('84', '3.4499E+12', '2551', '2', '2', '2', 'เยาวนุช', 'ทานาม'),
('85', '3.2403E+12', '2551', '2', '2', '2', 'วราภรณ์', 'สินถาวร'),
('86', '3.2499E+12', '2551', '2', '2', '3', 'วัลลภา', 'เฉลิม'),
('87', '3.102E+12', '2551', '2', '2', '1', 'วิชิต', 'แสงสว่าง'),
('88', '3.4799E+12', '2551', '2', '2', '1', 'วินัย', 'จันทรวงศ์'),
('89', '3.2499E+12', '2551', '2', '2', '1', 'วินัย', 'บุญไชย'),
('90', '3.1101E+12', '2551', '2', '2', '3', 'วิภาภรณ์', 'บุญยงค์'),
('91', '3.2499E+12', '2551', '2', '2', '1', 'วิรัช', 'จาบถนอม'),
('92', '3.1006E+12', '2551', '2', '2', '2', 'ศันสนีย์', 'จันทร์สถิตย์พร'),
('93', '3.6599E+12', '2551', '2', '2', '1', 'ศิริวัฒน์', 'จิระเดชประไพ'),
('94', '3.1705E+12', '2551', '2', '2', '1', 'สมหมาย', 'สร้อยนาคพงษ์'),
('95', '3.1002E+12', '2551', '2', '2', '1', 'สุชิน', 'นิธิไชโย'),
('96', '3.6701E+12', '2551', '2', '2', '3', 'สุดาพร', 'ไชยะ'),
('97', '3.2499E+12', '2551', '2', '2', '3', 'สุนาฎ', 'จันทนา'),
('98', '3.2301E+12', '2551', '2', '2', '2', 'หนึ่งฤทัย', 'เมฆวทัต'),
('99', '3.2404E+12', '2551', '2', '2', '3', 'อัญชลี', 'ตันศิริ'),
('100', '3.2499E+12', '2551', '2', '2', '1', 'อุทิศ', 'อนุรักษ์เยาวชน'),
('101', '3.5601E+12', '2551', '2', '3', '2', 'กรรณิการ์', 'คันทมาศ'),
('102', '3.2405E+12', '2551', '2', '3', '1', 'กีรติ', 'วิจักขณะ'),
('103', '3.3611E+12', '2551', '2', '3', '1', 'คณสถิต', 'มังกรแก้ว'),
('104', '3.2499E+12', '2551', '2', '3', '3', 'คนึงนิตย์', 'ชื่นค้า'),
('105', '3.10091E+12', '2551', '2', '3', '2', 'จำปูน', 'สำอาง'),
('106', '3.6701E+12', '2551', '2', '3', '1', 'จิระศักดิ์', 'จิตตบุตร'),
('107', '2.2408E+12', '2551', '2', '3', '1', 'ชูชาติ', 'นาโพตอง'),
('108', '3.401E+12', '2551', '2', '3', '1', 'ไชยะ', 'เทพา'),
('109', '3.2409E+12', '2551', '2', '3', '2', 'ณัฏฐกมนต์', 'ศิลปเสริฐ'),
('110', '3.2401E+12', '2551', '2', '3', '1', 'ณัฐภูมิ', 'สุทธกุล'),
('111', '3.2004E+12', '2551', '2', '3', '1', 'เทพนคร', 'ทาคง'),
('112', '3.3304E+12', '2551', '2', '3', '1', 'ธัญญณัฐ', 'ญาณมโนวิศิษฏ์'),
('113', '3.7306E+12', '2551', '2', '3', '1', 'นภดล', 'มหาวิริยะกุล'),
('114', '3.2499E+12', '2551', '2', '3', '3', 'นิสา', 'เมลานนท์'),
('115', '5.50109E+12', '2551', '2', '3', '1', 'บุญทอง', 'มณีรำพรรณ'),
('116', '3.2499E+12', '2551', '2', '3', '3', 'บุญมา', 'พงษ์โหมด'),
('117', '3.3304E+12', '2551', '2', '3', '1', 'บุญยอด', 'ศรีรัตนสรณ์'),
('118', '3.2499E+12', '2551', '2', '3', '1', 'บุญเรือง', 'รัตนวงษ์'),
('119', '3.2499E+12', '2551', '2', '3', '3', 'ใบพร', 'กัลยาณคุปต์'),
('120', '3.9408E+12', '2551', '2', '3', '3', 'ประภาพร', 'ชนะจีนะศักดิ์'),
('121', '3.4905E+12', '2551', '2', '3', '1', 'ประมวล', 'น้อยทรง'),
('122', '3.3003E+12', '2551', '2', '3', '1', 'ประยูร', 'จันวงษา'),
('123', '3.2499E+12', '2551', '2', '3', '1', 'ประวัติ', 'ชิโนดม'),
('124', '3.2499E+12', '2551', '2', '3', '1', 'ประเสริฐ', 'ศีลรัตนา'),
('125', '3.9098E+12', '2551', '2', '3', '3', 'ปิยะนุช', 'พุฒแก้ว'),
('126', '3.1011E+12', '2551', '2', '3', '1', 'ไพรสิทธิ์', 'ศรีสุทธิเกิดพร'),
('127', '3.3499E+12', '2551', '2', '3', '1', 'มณเฑียร', 'มุสิกทอง'),
('128', '3.2499E+12', '2551', '2', '3', '1', 'โยธิน', 'จี้กังวาฬ'),
('129', '3.1005E+12', '2551', '2', '3', '2', 'รัชดา', 'ประณม'),
('130', '3.4099E+12', '2551', '2', '3', '1', 'รัฐบูรณ์', 'ชายผา'),
('131', '3.2499E+12', '2551', '2', '3', '3', 'ลัดดา', 'จาบถนอม'),
('132', '3.2097E+12', '2551', '2', '3', '2', 'วรี', 'เรืองสุข'),
('133', '3.2499E+12', '2551', '2', '3', '3', 'วัชรี', 'เงินแก้ว'),
('134', '3.2002E+12', '2551', '2', '3', '2', 'วันเพ็ญ', 'ภุมรินทร์'),
('135', '3.2499E+12', '2551', '2', '3', '2', 'วาทิตา', 'เอื้อเจริญ'),
('136', '3.2499E+12', '2551', '2', '3', '1', 'วิชัย', 'พงษ์โหมด'),
('137', '3.4009E+12', '2551', '2', '3', '1', 'วิเนส', 'จันทะวงษ์ศรี'),
('138', '3.1407E+12', '2551', '2', '3', '1', 'วิระสิทธิ์', 'สุขสมชิต'),
('139', '3.1201E+12', '2551', '2', '3', '3', 'วิไลวรรณ', 'สุนทรายุทธ'),
('140', '3.2406E+12', '2551', '2', '3', '1', 'สมพงษ์', 'ทองคำ'),
('141', '4.11039E+12', '2551', '2', '3', '1', 'สราวุธ', 'โรจนศิริ'),
('142', '3.1005E+12', '2551', '2', '3', '1', 'สายชล', 'พุทธฤทธิ์'),
('143', '3.1306E+12', '2551', '2', '3', '2', 'สุทธาดา', 'เลขไวฑูรย์'),
('144', '3.2507E+12', '2551', '2', '3', '1', 'อภิชฌาฏย์', 'เดชสุภา'),
('145', '3.3003E+12', '2551', '2', '3', '1', 'อภิชาติ', 'คานนิม'),
('146', '3.1101E+12', '2551', '2', '3', '2', 'อารียา', 'บุญทวี'),
('147', '3.7204E+12', '2551', '2', '3', '1', 'อิทธิพล', 'ซื่อตรง'),
('148', '3.102E+12', '2551', '2', '3', '1', 'อุทัย', 'ศิริภักดิ์'),
('149', '3.2403E+12', '2551', '2', '4', '2', 'กรรณิการ์', 'มาระโภชน์'),
('150', '3.2511E+12', '2551', '2', '4', '1', 'กิตติวงค์', 'สาสวด'),
('151', '3.5705E+12', '2551', '2', '4', '1', 'คมสันต์', 'ธีระพืช'),
('152', '3.2403E+12', '2551', '2', '4', '1', 'ครรชิต', 'มาระโภชน์'),
('153', '3.2404E+12', '2551', '2', '4', '1', 'จัดการ', 'หาญบาง'),
('154', '3.1006E+12', '2551', '2', '4', '2', 'ช่อมณี', 'สุคันธิน'),
('155', '3.1006E+12', '2551', '2', '4', '1', 'ณัฐพล', 'บัวเปลี่ยนสี'),
('156', '3.3001E+12', '2551', '2', '4', '3', 'ดวงฤดี', 'จำรัสธนสาร'),
('157', '3.6599E+12', '2551', '2', '4', '2', 'ดาเรศ', 'วีระพันธ์'),
('158', '3.4113E+12', '2551', '2', '4', '1', 'ไตรภพ', 'โครตวงษา'),
('159', '3.1012E+12', '2551', '2', '4', '2', 'ทัศนวรรณ', 'ทัศนะพงษ์'),
('160', '3.1015E+12', '2551', '2', '4', '1', 'ธนัช', 'ถิ่นวัฒนากูล'),
('161', '3.2499E+12', '2551', '2', '4', '1', 'ธรรมรัตน์', 'สิมะโรจนา'),
('162', '3.8301E+12', '2551', '2', '5', '1', 'นภดล', 'เชนะโยธิน'),
('163', '3.1017E+12', '2551', '2', '4', '3', 'นภรภิสฎ์', 'ลัภกิตโร'),
('164', '3.2199E+12', '2551', '2', '4', '2', 'ประภัสสร', 'จันทร์สถิตย์พร'),
('165', '3.1002E+12', '2551', '2', '4', '2', 'พรพิมล', 'วิริยะกุล'),
('166', '3.6403E+12', '2551', '2', '4', '2', 'พิพรรธน์', 'พิเชฐศิรประภา'),
('167', '3.1201E+12', '2551', '2', '4', '3', 'พิมพ์จันทร์', 'อารยเมธาเลิศ'),
('168', '3.2499E+12', '2551', '2', '4', '1', 'พิศิษฐ', 'เมลานนท์'),
('169', '3.2001E+12', '2551', '2', '4', '1', 'ภานุวัฒน์', 'ธัมมิกนันท์'),
('170', '5.91E+12', '2551', '2', '4', '3', 'รัชฏาพร', 'มาสเสมอ'),
('171', '3.2005E+12', '2551', '2', '4', '1', 'ลัทธสิทธิ์', 'ปิยะพิสุทธิ์'),
('172', '3.1015E+12', '2551', '2', '4', '3', 'วริศรา', 'เชนะโยธิน'),
('173', '5.1006E+12', '2551', '2', '4', '1', 'วัฒนา', 'พิลาจันทร์'),
('174', '3.1006E+12', '2551', '2', '4', '3', 'วิชุดา', 'จันทร์เวโรจน์'),
('175', '3.1103E+12', '2551', '2', '4', '1', 'สัญญา', 'โดดสู้'),
('176', '3.2499E+12', '2551', '2', '4', '1', 'สิทธิศักดิ์', 'อรรจนานนท์'),
('177', '3.2009E+12', '2551', '2', '4', '2', 'สินีนาถ', 'เริ่มลาวรรณ'),
('178', '3.2498E+12', '2551', '2', '4', '3', 'สิริวรรณ', 'ชวลิตเมธา'),
('179', '3.2499E+12', '2551', '2', '4', '3', 'สุขิฏฐา', 'วิริยะไกรกุล'),
('180', '3.2402E+12', '2551', '2', '4', '3', 'สุชานาถ', 'พัฒนวงศ์งาม'),
('181', '3.2499E+12', '2551', '2', '4', '3', 'สุมลวรรณ', 'ยิ้มงาม'),
('182', '3.2499E+12', '2551', '2', '4', '3', 'อรกัญญ์', 'เอี่ยมพญา'),
('183', '3.6799E+12', '2551', '2', '4', '2', 'อรนุช', 'กฤตยขจรสกุล'),
('184', '3.2405E+12', '2551', '2', '4', '5', 'อรวรรณ', 'ธรรมพิทักษ์'),
('185', '3.2401E+12', '2551', '2', '4', '2', 'อัจนา', 'ปราชญากุล'),
('186', '3.1101E+12', '2551', '2', '4', '3', 'อัญชลี', 'ลุนแจ่ม'),
('187', '3.5104E+12', '2551', '2', '4', '5', 'อำนวย', 'ปาอ้าย'),
('188', '5.2408E+12', '2551', '2', '5', '2', 'กิ่งกาญจน์', 'ใหม่พิมพ์'),
('189', '3.1005E+12', '2551', '2', '5', '1', 'เกษม', 'เฉลิม'),
('190', '3.1607E+12', '2551', '2', '5', '2', 'จริยา', 'แผลงนอก'),
('191', '3.7005E+12', '2551', '2', '5', '1', 'จักรพันธ์', 'ปิ่นทอง'),
('192', '3.1202E+12', '2551', '2', '5', '1', 'จิรัฏฐ์', 'เหมือนวิหาร'),
('193', '3.1009E+12', '2551', '2', '5', '1', 'ชัชชาลี', 'รักษ์ตานนท์ชัย'),
('194', '3.7004E+12', '2551', '2', '5', '1', 'ชัชวาล', 'นิมโรธรรม'),
('195', '3.2402E+12', '2551', '2', '5', '1', 'ชัชวาล', 'มงคล'),
('196', '3.2499E+12', '2551', '2', '5', '1', 'ณัฐพงศ์', 'สุวรรณกุล'),
('197', '3.3413E+12', '2551', '2', '5', '1', 'นรินทร์', 'กุลนภาดล'),
('198', '3.5211E+12', '2551', '2', '5', '1', 'ภูมิพัฒน์', 'ก๋าคำ'),
('199', '3.2403E+12', '2551', '2', '5', '1', 'ประยุทธ', 'อินแบน'),
('200', '3.5711E+12', '2551', '2', '4', '1', 'ประสาน', 'นันทะเสน'),
('201', '3.1005E+12', '2551', '2', '5', '1', 'เฟื่องฉัตร', 'ภัทรวาณิชย์'),
('202', '3.6099E+12', '2551', '2', '5', '1', 'เมธี', 'พรมศิลา'),
('203', '3.3102E+12', '2551', '2', '5', '1', 'วิชาญ', 'ตอรบรัมย์'),
('204', '3.3307E+12', '2551', '2', '5', '1', 'สมศักดิ์', 'คำมา'),
('205', '3.4502E+12', '2551', '2', '5', '1', 'สราวุธ', 'อิศรานุวัฒน์'),
('206', '3.7201E+12', '2551', '2', '5', '2', 'สุทธิดา', 'การะเวก'),
('207', '3.2499E+12', '2551', '2', '5', '1', 'สุธี', 'ประจงศักดิ์'),
('208', '3.8105E+12', '2551', '2', '5', '1', 'สุเมธ', 'ผดุงทรัพย์'),
('209', '3.3201E+12', '2551', '2', '5', '1', 'สุรกิจ', 'ทองสุก'),
('210', '3.3102E+12', '2551', '2', '5', '1', 'อภิวัฒน์', 'วงศ์ณรัตน์'),
('211', '3.3102E+12', '2551', '2', '5', '2', 'อัญชลี', 'ชนะค้า'),
('212', '3.2499E+12', '2551', '2', '2', '3', 'กัญญา', 'เกื้อหนุน'),
('213', '4.1005E+12', '2551', '2', '7', '2', 'ลักษณาพร', 'โรจน์พิทักษ์กุล'),
('214', '3.3113E+12', '2551', '2', '2', '3', 'สายฝน', 'เสกขุนทด'),
('215', '3.1009E+12', '2551', '2', '3', '2', 'ฐิตาภา', 'สินธุรัตน์'),
('216', '3.2699E+12', '2551', '2', '4', '3', 'จุฑามาศ', 'เทียนแก้ว'),
('217', '3.2601E+12', '2551', '2', '5', '78', 'อาทิตย์', 'ชไมพรเลิศสกุล'),
('218', '3.8099E+12', '2551', '2', '5', '1', 'คฑาวุธ', 'สว่างพิศาลกิจ'),
('219', '3.3599E+12', '2551', '2', '5', '1', 'ปรีชา', 'คมขำ'),
('220', '3.2499E+12', '2551', '2', '5', '1', 'นิวัฒน์', 'โยธินศิริกุล'),
('221', '3.2602E+12', '2551', '2', '4', '3', 'กาญจนา', 'หะมณี'),
('222', '3.4501E+12', '2551', '2', '1', '1', 'ยอดชาย', 'โคตรุฉิน'),
('223', '3.1409E+12', '2551', '2', '4', '1', 'ทินภัทร', 'ปัญญาวิชิต'),
('224', '3.1601E+12', '2551', '2', '4', '1', 'วีระวิทย์', 'คีรี'),
('225', '3.2508E+12', '2551', '2', '4', '2', 'ศิริวรรณ', 'ทองใบ'),
('226', '3.1699E+12', '2551', '2', '7', '1', 'อัครชัย', 'เรืองวุฒิ'),
('227', '3.4505E+12', '2551', '2', '4', '3', 'มาฆวัน', 'กาบินพงษ์'),
('228', '3.6099E+12', '2551', '2', '3', '1', 'อนุชา', 'เจริญโพธิ์'),
('229', '3.1014E+12', '2551', '2', '4', '2', 'สุทิวา', 'สั่งอรุณ'),
('230', '3.1009E+12', '2551', '2', '4', '1', 'ภูมิพัฒน์', 'ตรีสิทธิเชษฐ'),
('231', '3.1009E+12', '2551', '2', '3', '1', 'เรืองวิทย์', 'ลิ่มปนาท'),
('232', '3.1014E+12', '2551', '2', '4', '3', 'พัชราภรณ์', 'วรรณพุฒ'),
('233', '3.1899E+12', '2551', '2', '5', '1', 'ชลัท', 'อุยถาวรยิ่ง'),
('234', '3.1015E+12', '2551', '2', '4', '2', 'เซียมหง', 'รักธรรมหรรษา'),
('235', '3.1006E+12', '2551', '2', '4', '2', 'จิตตาภัทร์', 'ชะอุ่มผล'),
('236', '3.3099E+12', '2551', '2', '4', '2', 'ระเบียบ', 'ปัทมดิลก'),
('237', '3.1102E+12', '2551', '2', '3', '90', 'เปมิกา', 'วิวัฒนพงศ์พันธ์'),
('238', '3.1006E+12', '2551', '2', '4', '2', 'เบญญาภา', 'สระน้อย'),
('239', '3.2499E+12', '2551', '2', '5', '3', 'ธนาภา', 'พึ่งแสง'),
('240', '3.1005E+12', '2551', '2', '5', '1', 'ประชา', 'แสงเรือง'),
('241', '3.3421E+12', '2551', '2', '2', '62', 'ดร.ทวีศักดิ์', 'รูปสิงห์'),
('242', '3.1302E+12', '2551', '2', '4', '1', 'ชานิติ', 'มุ่งเจริญ'),
('243', '5.1002E+12', '2551', '2', '4', '1', 'สมัชญ์พล', 'อิ่มฤทัย'),
('244', '3.2099E+12', '2551', '2', '4', '1', 'คมสัน', 'ทิพย์ปรีชา'),
('245', '3.1006E+12', '2551', '2', '5', '1', 'สุนทร', 'ก้องสินธุ'),
('246', '3.1018E+12', '2551', '2', '4', '1', 'เดชา', 'โพธิรักษ์'),
('247', '3.1018E+12', '2551', '2', '4', '1', 'ณกรณ์', 'ชนกโอวาท'),
('248', '3.8099E+12', '2551', '2', '3', '3', 'เรณู', 'รัศมิทัศ'),
('249', '3.2404E+12', '2551', '2', '4', '2', 'วรรณรีย์', 'บี้สมบูรณ์'),
('250', '3.2499E+12', '2551', '2', '4', '2', 'กฤชวรรณ', 'สิงห์คำ'),
('251', '3.2402E+12', '2551', '2', '3', '3', 'กัลยา', 'ทั่งทอง'),
('252', '3.6603E+12', '2551', '2', '4', '2', 'เกษิณี', 'ศุพัศน์'),
('253', '3.3015E+12', '2551', '2', '5', '1', 'จาตุรงค์', 'ขอเชื้อกลาง'),
('254', '3.2499E+12', '2551', '2', '4', '1', 'เจริญ', 'แน่นหนา'),
('255', '3.1015E+12', '2551', '2', '4', '2', 'ฉันทนา', 'เดชแก้ว'),
('256', '3.2401E+12', '2551', '2', '3', '1', 'ธนวิชญ์', 'บำรุงศิริ'),
('257', '3.2404E+12', '2551', '2', '2', '1', 'ธนู', 'ใหม่ประยูร'),
('258', '3.10091E+12', '2551', '2', '5', '1', 'นพรัตน์', 'ท้วมประดิษฐ์'),
('259', '3.1005E+12', '2551', '2', '2', '2', 'นันทิยา', 'รักตประจิต'),
('260', '3.4199E+12', '2551', '2', '2', '3', 'เนตรทราย', 'พัฒนพงษ์'),
('261', '3.2502E+12', '2551', '2', '4', '2', 'เบญจมาศ', 'ประพฤติธรรม'),
('262', '3.2499E+12', '2551', '2', '5', '2', 'ปฐาภรณ์', 'สถาพรวจนา'),
('263', '3.1002E+12', '2551', '2', '2', '3', 'ประวีณา', 'ปัญญาดิลกพงษ์'),
('264', '3.2597E+12', '2551', '2', '3', '1', 'ภูริทัต', 'ศรีอร่าม'),
('265', '3.2402E+12', '2551', '2', '5', '1', 'ภูวดล', 'เปี่ยมจาด'),
('266', '3.1103E+12', '2551', '2', '4', '2', 'ลัดดา', 'แสงเมือง'),
('267', '3.2507E+12', '2551', '2', '2', '3', 'วิจิตรา', 'จันทร์ศิริ'),
('268', '3.1907E+12', '2551', '2', '2', '3', 'สมศรี', 'ปาณะโตษะ'),
('269', '3.1909E+12', '2551', '2', '5', '1', 'สรศักดิ์', 'ภิญญภาพ'),
('270', '4.1999E+12', '2551', '2', '4', '1', 'สิทธิชัย', 'ชื่นชูวิทย์'),
('271', '3.102E+12', '2551', '2', '5', '1', 'สุนทร', 'เกียรติกำจรวงศ์'),
('272', '3.2499E+12', '2551', '2', '5', '1', 'สุพจน์', 'เทพพิพัฒน์'),
('273', '3.2406E+12', '2551', '2', '5', '1', 'สุรพงษ์', 'แก่นมณี'),
('274', '3.1015E+12', '2551', '2', '4', '3', 'โสภณา', 'วงศ์วิจารณ์'),
('275', '3.2506E+12', '2551', '2', '5', '1', 'อนันต์', 'ทวีการ'),
('276', '3.1007E+12', '2551', '2', '2', '2', 'อมรา', 'สุวรรณมณีแดง'),
('277', '3.2007E+12', '2551', '2', '4', '2', 'อัจฉรา', 'มานะอริยกุล'),
('278', '3.1706E+12', '2551', '2', '2', '2', 'อำพวรรณ์', 'เนียมคำ'),
('279', '3.1022E+12', '2551', '2', '3', '2', 'ชมชิด', 'อิ่มวิทยา'),
('280', '3.1806E+12', '2551', '2', '3', '1', 'วันชนะ', 'ทองคำเภา'),
('281', '3.6099E+12', '2551', '2', '2', '1', 'ประยุทธ์', 'วัชระดิษย์'),
('282', '3.1005E+12', '2551', '2', '4', '1', 'ภณอาภา', 'ศิลาอ่อน'),
('283', '3.1002E+12', '2551', '2', '4', '5', 'พงษ์เทพ', 'สันติกุล'),
('284', '3.1002E+12', '2551', '2', '4', '1', 'รชพล', 'สีขาวรส'),
('285', '3.6501E+12', '2551', '2', '4', '2', 'สินีนาฏ', 'พยอมหอม'),
('286', '3.5301E+12', '2551', '2', '1', '1', 'สมสกุล', 'พุ่มมาก'),
('287', '3.3208E+12', '2551', '2', '4', '1', 'พลวัฒน์', 'ชุมสุข'),
('288', '3.7599E+12', '2551', '2', '3', '1', 'ตะวัน', 'ประทักษ์นุกูล'),
('289', '3.2007E+12', '2551', '2', '4', '1', 'ปริญญา', 'สิริอัตตะกุล'),
('290', '5.901E+12', '2551', '2', '4', '1', 'กาญจน์', 'สุขศรีทอง'),
('291', '3.1015E+12', '2551', '2', '4', '1', 'ภาวิน', 'ชินะโชติ'),
('292', '3.1005E+12', '2551', '2', '4', '1', 'พิเศษ', 'ชัยดิเรก'),
('293', '3.2401E+12', '2551', '2', '4', '2', 'ยุวดี', 'อุไรวงษ์'),
('294', '3.6701E+12', '2551', '2', '2', '6', 'อดิพล', 'เปียทอง'),
('295', '3.1598E+12', '2551', '2', '2', '1', 'ชิษณุพงศ์', 'เสนีย์วงษ์ ณ อยุธยา'),
('296', '3.8302E+12', '2551', '2', '3', '2', 'ฌานิกา', 'สุขวัฒนวิจิตร'),
('297', '3.102E+12', '2551', '2', '1', '2', 'ศิริ', 'สมวงศ์'),
('298', '3.1104E+12', '2551', '2', '3', '1', 'สุธีร์', 'ขันธประสิทธิ์'),
('299', '3.1201E+12', '2551', '2', '3', '1', 'อรุณ', 'สังข์ทอง'),
('300', '3.1022E+12', '2551', '2', '2', '5', 'สมชาย', 'สังข์สี'),
('301', '3.1101E+12', '2551', '2', '4', '1', 'สุรสีห์', 'คล้ายบวร'),
('302', '3.1601E+12', '2551', '2', '4', '2', 'ธิดารัตน์', 'คีรี'),
('303', '3.1018E+12', '2551', '2', '4', '1', 'เทิด', 'ทองดี'),
('304', '3.6599E+12', '2551', '2', '4', '2', 'จิราภา', 'พึ่งบางกรวย'),
('305', '3.1601E+12', '2551', '2', '4', '47', 'ฉัตรชัย', 'ปวิตรวงศ์'),
('306', '3.7101E+12', '2551', '2', '4', '1', 'มานพ', 'พานิชกุล'),
('307', '3.1599E+12', '2551', '2', '4', '1', 'สาโรช', 'หว่างนุ่ม'),
('308', '3.2405E+12', '2551', '2', '4', '1', 'กันตพัฒน์', 'จารุภัทรยศพัทธ์'),
('309', '4.1009E+12', '2551', '2', '4', '1', 'สุวิทย์', 'จงเทิดทูนสกุล'),
('310', '3.1005E+12', '2551', '2', '4', '1', 'ชาญณรงค์', 'ธรรมพนิชวัฒน์'),
('311', '3.1102E+12', '2551', '2', '4', '1', 'วุฒิชัย', 'พิพัฒน์รังสรรค์'),
('312', '3.1021E+12', '2551', '2', '5', '1', 'กชสุพัฒน์', 'พุทธิพิพัฒน์ขจร'),
('313', '3.1024E+12', '2551', '2', '4', '1', 'ชัยวัฒน์', 'งามภาคภูมิ'),
('314', '5.64049E+12', '2551', '2', '5', '1', 'ธนากร', 'คุ้มคงกระจ่าง'),
('315', '3.101E+12', '2551', '2', '3', '1', 'พงษ์สวัสดิ์', 'เขียนทอง'),
('316', '3.1201E+12', '2551', '2', '5', '1', 'จักรพันธ์', 'กัณหา'),
('317', '3.3099E+12', '2551', '2', '4', '1', 'สุภิรัตน์', 'ศรีพุทธางกูร'),
('318', '3.2499E+12', '2551', '2', '4', '2', 'รัตติญาภรณ์', 'จารุภัทรยศพัทธ์'),
('319', '3.1104E+12', '2551', '2', '4', '1', 'วิชัย', 'ทองคำแม้นศรี'),
('320', '3.10091E+12', '2551', '2', '4', '2', 'อมรรัตน์', 'กรีธาธร'),
('321', '3.1408E+12', '2551', '2', '5', '1', 'พัฒนชาติ', 'แก้วแกมเงิน'),
('322', '3.1011E+12', '2551', '2', '4', '3', 'นิทรา', 'ณ เรืองศรี'),
('323', '3.3411E+12', '2551', '2', '4', '1', 'นิพนธ์', 'สุวรรณกูฏ'),
('324', '3.8699E+12', '2551', '2', '5', '1', 'ชำนิ', 'ใจประดิษฐ์ธรรม'),
('325', '3.1012E+12', '2551', '2', '5', '1', 'บุญส่ง', 'พลสัมฤทธิ์'),
('326', '3.2003E+12', '2551', '2', '5', '1', 'ณัฐวัฒน์', 'ฐิตวัฒนา'),
('327', '3.4097E+12', '2551', '2', '5', '1', 'ทองเหลา', 'ผลานิสง'),
('328', '3.3604E+12', '2551', '2', '5', '1', 'ประพฤทธิ์', 'สุพร'),
('329', '3.6303E+12', '2551', '2', '5', '1', 'นพพร', 'บึกแว่น'),
('330', '3.1202E+12', '2551', '2', '3', '1', 'คมลักษณ์', 'ไชยยะ'),
('331', '3.2499E+12', '2551', '2', '4', '3', 'อนงค์', 'อาษาดี'),
('332', '3.2498E+12', '2551', '2', '4', '2', 'ปรียาวดี', 'ผลเอนก'),
('333', '3.2401E+12', '2551', '2', '3', '3', 'อิงตะวัน', 'แพลูกอินทร์'),
('334', '3.2401E+12', '2551', '2', '3', '2', 'เพิ่มทรัพย์', 'ชัยบัณฑิตย์'),
('335', '3.2499E+12', '2551', '2', '3', '3', 'กนกทิพย์', 'หงษ์ทวี'),
('336', '3.3401E+12', '2551', '2', '5', '1', 'ชัยวิทย์', 'เสมอภาค'),
('337', '3.2499E+12', '2551', '2', '4', '2', 'พรชนก', 'เวโรจน์'),
('338', '5.4507E+12', '2551', '3', '2', '2', 'กนกวรรณ', 'เลื่อยคลัง'),
('339', '3.5601E+12', '2551', '3', '3', '2', 'กรรณิการ์', 'คันทมาศ'),
('340', '3.9002E+12', '2551', '3', '1', '1', 'เจริญ', 'แก้วประดิษฐ์'),
('341', '3.2403E+12', '2551', '3', '4', '2', 'กรรณิการ์', 'มาระโภชน์'),
('342', '3.2499E+12', '2551', '3', '7', '1', 'กฤษฎา', 'เนียรศิริ'),
('343', '3.2499E+12', '2551', '3', '2', '3', 'กัญญา', 'เกื้อหนุน'),
('344', '5.4507E+12', '2551', '3', '2', '2', 'กนกวรรณ', 'เลื่อยคลัง'),
('345', '3.2499E+12', '2551', '3', '1', '3', 'สุรัตน์', 'สุทธกุล'),
('346', '3.5208E+12', '2551', '3', '1', '3', 'ปานจิต', 'โรจนวณิชชาการ'),
('347', '3.2099E+12', '2551', '3', '1', '3', 'ฑาทิมา', 'แก้วศิริ'),
('348', '3.6007E+12', '2551', '3', '1', '3', 'อภิรดี', 'เมืองเดช'),
('349', '3.2401E+12', '2551', '3', '1', '2', 'อภิรดี', 'ศิริวงศ์'),
('350', '3.2005E+12', '2551', '3', '1', '3', 'อังคณา', 'กุลนภาดล'),
('351', '3.3006E+12', '2551', '3', '1', '2', 'ลินดา', 'นาคโปย'),
('352', '3.2499E+12', '2551', '3', '1', '3', 'รุ้งรวี', 'อำนาจตระกูล'),
('353', '3.4409E+12', '2551', '3', '10', '2', 'เพ็ญศรี', 'ปักกะสีนัง'),
('354', '3.2401E+12', '2551', '3', '1', '3', 'พิภัทรา', 'สิมะโรจนา'),
('355', '3.2401E+12', '2551', '3', '1', '2', 'สุนทรีย์', 'ธรรมสุวรรณ'),
('356', '3.2499E+12', '2551', '3', '2', '1', 'สุพัฒน์', 'เศรษฐคมกุล'),
('357', '3.2503E+12', '2551', '3', '1', '1', 'สุพัฒน์', 'สุขเกษม'),
('358', '3.2401E+12', '2551', '3', '1', '2', 'สุพรัตรา', 'แดงเจริญ'),
('359', '3.1006E+12', '2551', '3', '1', '1', 'สุรศักดิ์', 'ศรีสวรรค์'),
('360', '3.7601E+12', '2551', '3', '1', '1', 'ธีรยุทธ', 'จันทร์เขียว'),
('361', '3.2401E+12', '2551', '3', '1', '2', 'ชัชฏาภรณ์', 'ตันตะราวงศา'),
('362', '3.2006E+12', '2551', '3', '1', '1', 'เขมทัส', 'พุทธรักษา'),
('363', '3.4706E+12', '2551', '3', '1', '2', 'กุลยารัตน์', 'ทัศมี'),
('364', '5.6508E+12', '2551', '3', '1', '2', 'นลินี', 'เอี่ยมสะอาด'),
('365', '3.9203E+12', '2551', '3', '1', '1', 'วิโรจน์', 'จุฑาภิรักษ์'),
('366', '3.2499E+12', '2551', '3', '1', '1', 'พรชัย', 'รัตนธรรม'),
('367', '3.2103E+12', '2551', '3', '1', '2', 'ทัศวรรณ', 'คงจันตรี'),
('368', '3.4015E+12', '2551', '3', '1', '2', 'อมรรัศมี', 'จิณรักษ์'),
('369', '3.7699E+12', '2551', '3', '1', '2', 'ดวงพร', 'ภู่ผะกา'),
('370', '5.2409E+12', '2551', '3', '3', '2', 'วงเดือน', 'คัยนันทน์'),
('371', '3.6104E+12', '2551', '3', '11', '2', 'วงเดือน', 'ไม้สนธิ์'),
('372', '3.2499E+12', '2551', '3', '1', '3', 'ระวีวรรณ', 'บุญวิรัตน์'),
('373', '3.2401E+12', '2551', '3', '1', '1', 'กิจจา', 'สิงห์ยศ'),
('374', '3.2404E+12', '2551', '3', '1', '2', 'ขณิดา', 'จรุงจิตต์'),
('375', '3.1006E+12', '2551', '3', '1', '1', 'คุณวุฒิ', 'สุวพานิช'),
('376', '3.4101E+12', '2551', '3', '1', '2', 'จารุวรรณ', 'สิงห์ม่วง'),
('377', '3.8099E+12', '2551', '3', '1', '2', 'จิราภรณ์', 'สันทนาคณิต'),
('378', '3.2499E+12', '2551', '3', '1', '1', 'ชัชพงษ์', 'เชาว์สวัสดิ์'),
('379', '3.2499E+12', '2551', '3', '1', '1', 'ชาญ', 'มงคล'),
('380', '3.251E+12', '2551', '3', '1', '1', 'เชาวลิต', 'ขันคำ'),
('381', '3.2406E+12', '2551', '3', '1', '1', 'ณรงค์ศักดิ์', 'พิทักษ์ตันสกุล'),
('382', '3.1702E+12', '2551', '3', '1', '1', 'ณรงค์ศักดิ์', 'พุดเผือก'),
('383', '3.2099E+12', '2551', '3', '1', '1', 'ณัฐวุฒิ', 'แก้วศิริ'),
('384', '3.3001E+12', '2551', '3', '1', '1', 'ทสพล', 'รวมฉิมพลี'),
('385', '3.2001E+12', '2551', '3', '1', '3', 'ธีรดา', 'บุบผามาลา'),
('386', '3.2501E+12', '2551', '3', '1', '2', 'นภกานต์', 'หน่ายคอน'),
('387', '3.1007E+12', '2551', '3', '1', '1', 'นิพนธ์', 'ปริญญาวุฒิชัย'),
('388', '3.1911E+12', '2551', '3', '1', '3', 'นุชจรินทร์', 'ครูเกษตร'),
('389', '3.2499E+12', '2551', '3', '1', '1', 'ประสิทธิ์', 'มั่นมงคล'),
('390', '3.1014E+12', '2551', '3', '1', '1', 'พรสิน', 'สุภวาลย์'),
('391', '3.2401E+12', '2551', '3', '1', '2', 'มนฤดี', 'โกมลภิส'),
('392', '3.2206E+12', '2551', '3', '1', '1', 'วรพจน์', 'ทำเนียบ'),
('393', '3.2499E+12', '2551', '3', '1', '3', 'วฤชา', 'กาญจนอักษร'),
('394', '3.3099E+12', '2551', '3', '1', '1', 'วัชรพงษ์', 'ครูเกษตร'),
('395', '3.1014E+12', '2551', '3', '1', '3', 'พิชญสิณี', 'อริยธนะกตวงษ์'),
('396', '3.101E+12', '2551', '3', '1', '2', 'สถาพร', 'ดียิ่ง'),
('397', '3.1022E+12', '2551', '3', '1', '3', 'สุกัญญา', 'เลียบวัน'),
('398', '3.6005E+12', '2551', '3', '1', '2', 'สุพรรณี', 'แจ่มสว่าง'),
('399', '3.1906E+12', '2551', '3', '1', '1', 'สุรพงศ์', 'คล้ายเกตุ'),
('400', '3.2499E+12', '2551', '3', '1', '3', 'สุวิมล', 'มั่นมงคล'),
('401', '3.8406E+12', '2551', '3', '1', '1', 'อภิชาติ', 'สังข์ทอง'),
('402', '3.2009E+12', '2551', '3', '1', '2', 'อริศรา', 'ตั้งวารี'),
('403', '3.201E+12', '2551', '3', '1', '2', 'อัมพร', 'อุดมศักดิ์สกุล'),
('404', '3.2499E+12', '2551', '3', '2', '3', 'กันยา', 'ลุมพิกานนท์'),
('405', '3.2499E+12', '2551', '3', '2', '3', 'เกื้อกูล', 'สถาพรวจนา'),
('406', '3.1009E+12', '2551', '3', '2', '2', 'จิตติพร', 'สวัสดิ์กำจรพงศ์'),
('407', '3.1017E+12', '2551', '3', '2', '3', 'จิตรา', 'ชนะกุล'),
('408', '3.2603E+12', '2551', '3', '2', '3', 'จิราภรณ์', 'พจนาอารีย์วงศ์'),
('409', '3.9099E+12', '2551', '3', '2', '1', 'ฉัตรชัย', 'ประภัศร'),
('410', '3.1014E+12', '2551', '3', '2', '2', 'ฐิติมาวดี', 'เจริญรัชต์'),
('411', '3.3413E+12', '2551', '3', '2', '1', 'ทวีศิลป์', 'กุลนภาดล'),
('412', '3.2402E+12', '2551', '3', '2', '2', 'ทัศนีย์', 'รอดมั่นคง'),
('413', '3.2506E+12', '2551', '3', '2', '1', 'ปฐวีร์', 'วิจบ'),
('414', '3.2498E+12', '2551', '3', '2', '3', 'ประกอบกูล', 'นาคพิทักษ์'),
('415', '3.2602E+12', '2551', '3', '2', '3', 'พจนีย์', 'มั่งคั่ง'),
('416', '3.1018E+12', '2551', '3', '2', '2', 'พรรณรายณ์', 'ทรัพย์แสนดี'),
('417', '3.2499E+12', '2551', '3', '2', '3', 'พรรณี', 'รัตนธรรม'),
('418', '3.4499E+12', '2551', '3', '2', '2', 'เยาวนุช', 'ทานาม'),
('419', '3.2403E+12', '2551', '3', '2', '2', 'วราภรณ์', 'สินถาวร'),
('420', '3.2499E+12', '2551', '3', '2', '3', 'วัลลภา', 'เฉลิม'),
('421', '3.102E+12', '2551', '3', '2', '1', 'วิชิต', 'แสงสว่าง'),
('422', '3.4799E+12', '2551', '3', '2', '1', 'วินัย', 'จันทรวงศ์'),
('423', '3.2499E+12', '2551', '3', '2', '1', 'วินัย', 'บุญไชย'),
('424', '3.1101E+12', '2551', '3', '2', '3', 'วิภาภรณ์', 'บุญยงค์'),
('425', '3.2499E+12', '2551', '3', '2', '1', 'วิรัช', 'จาบถนอม'),
('426', '3.1006E+12', '2551', '3', '2', '2', 'ศันสนีย์', 'จันทร์สถิตย์พร'),
('427', '3.6599E+12', '2551', '3', '2', '1', 'ศิริวัฒน์', 'จิระเดชประไพ'),
('428', '3.1705E+12', '2551', '3', '2', '1', 'สมหมาย', 'สร้อยนาคพงษ์'),
('429', '3.1002E+12', '2551', '3', '2', '1', 'สุชิน', 'นิธิไชโย'),
('430', '3.6701E+12', '2551', '3', '2', '3', 'สุดาพร', 'ไชยะ'),
('431', '3.2499E+12', '2551', '3', '2', '3', 'สุนาฎ', 'จันทนา'),
('432', '3.2301E+12', '2551', '3', '2', '2', 'หนึ่งฤทัย', 'เมฆวทัต'),
('433', '3.2404E+12', '2551', '3', '2', '3', 'อัญชลี', 'ตันศิริ'),
('434', '3.2499E+12', '2551', '3', '2', '1', 'อุทิศ', 'อนุรักษ์เยาวชน'),
('435', '3.5601E+12', '2551', '3', '3', '2', 'กรรณิการ์', 'คันทมาศ'),
('436', '3.2405E+12', '2551', '3', '3', '1', 'กีรติ', 'วิจักขณะ'),
('437', '3.3611E+12', '2551', '3', '3', '1', 'คณสถิต', 'มังกรแก้ว'),
('438', '3.2499E+12', '2551', '3', '3', '3', 'คนึงนิตย์', 'ชื่นค้า'),
('439', '3.10091E+12', '2551', '3', '3', '2', 'จำปูน', 'สำอาง'),
('440', '3.6701E+12', '2551', '3', '3', '1', 'จิระศักดิ์', 'จิตตบุตร'),
('441', '2.2408E+12', '2551', '3', '3', '1', 'ชูชาติ', 'นาโพตอง'),
('442', '3.401E+12', '2551', '3', '3', '1', 'ไชยะ', 'เทพา'),
('443', '3.2409E+12', '2551', '3', '3', '2', 'ณัฏฐกมนต์', 'ศิลปเสริฐ'),
('444', '3.2401E+12', '2551', '3', '3', '1', 'ณัฐภูมิ', 'สุทธกุล'),
('445', '3.2004E+12', '2551', '3', '3', '1', 'เทพนคร', 'ทาคง'),
('446', '3.3304E+12', '2551', '3', '3', '1', 'ธัญญณัฐ', 'ญาณมโนวิศิษฏ์'),
('447', '3.7306E+12', '2551', '3', '3', '1', 'นภดล', 'มหาวิริยะกุล'),
('448', '3.2499E+12', '2551', '3', '3', '3', 'นิสา', 'เมลานนท์'),
('449', '5.50109E+12', '2551', '3', '3', '1', 'บุญทอง', 'มณีรำพรรณ'),
('450', '3.2499E+12', '2551', '3', '3', '3', 'บุญมา', 'พงษ์โหมด'),
('451', '3.3304E+12', '2551', '3', '3', '1', 'บุญยอด', 'ศรีรัตนสรณ์'),
('452', '3.2499E+12', '2551', '3', '3', '1', 'บุญเรือง', 'รัตนวงษ์'),
('453', '3.2499E+12', '2551', '3', '3', '3', 'ใบพร', 'กัลยาณคุปต์'),
('454', '3.9408E+12', '2551', '3', '3', '3', 'ประภาพร', 'ชนะจีนะศักดิ์'),
('455', '3.4905E+12', '2551', '3', '3', '1', 'ประมวล', 'น้อยทรง'),
('456', '3.3003E+12', '2551', '3', '3', '1', 'ประยูร', 'จันวงษา'),
('457', '3.2499E+12', '2551', '3', '3', '1', 'ประวัติ', 'ชิโนดม'),
('458', '3.2499E+12', '2551', '3', '3', '1', 'ประเสริฐ', 'ศีลรัตนา'),
('459', '3.9098E+12', '2551', '3', '3', '3', 'ปิยะนุช', 'พุฒแก้ว'),
('460', '3.1011E+12', '2551', '3', '3', '1', 'ไพรสิทธิ์', 'ศรีสุทธิเกิดพร'),
('461', '3.3499E+12', '2551', '3', '3', '1', 'มณเฑียร', 'มุสิกทอง'),
('462', '3.2499E+12', '2551', '3', '3', '1', 'โยธิน', 'จี้กังวาฬ'),
('463', '3.1005E+12', '2551', '3', '3', '2', 'รัชดา', 'ประณม'),
('464', '3.4099E+12', '2551', '3', '3', '1', 'รัฐบูรณ์', 'ชายผา'),
('465', '3.2499E+12', '2551', '3', '3', '3', 'ลัดดา', 'จาบถนอม'),
('466', '3.2097E+12', '2551', '3', '3', '2', 'วรี', 'เรืองสุข'),
('467', '3.2499E+12', '2551', '3', '3', '3', 'วัชรี', 'เงินแก้ว'),
('468', '3.2002E+12', '2551', '3', '3', '2', 'วันเพ็ญ', 'ภุมรินทร์'),
('469', '3.2499E+12', '2551', '3', '3', '2', 'วาทิตา', 'เอื้อเจริญ'),
('470', '3.2499E+12', '2551', '3', '3', '1', 'วิชัย', 'พงษ์โหมด'),
('471', '3.4009E+12', '2551', '3', '3', '1', 'วิเนส', 'จันทะวงษ์ศรี'),
('472', '3.1407E+12', '2551', '3', '3', '1', 'วิระสิทธิ์', 'สุขสมชิต'),
('473', '3.1201E+12', '2551', '3', '3', '3', 'วิไลวรรณ', 'สุนทรายุทธ'),
('474', '3.2406E+12', '2551', '3', '3', '1', 'สมพงษ์', 'ทองคำ'),
('475', '4.11039E+12', '2551', '3', '3', '1', 'สราวุธ', 'โรจนศิริ'),
('476', '3.1005E+12', '2551', '3', '3', '1', 'สายชล', 'พุทธฤทธิ์'),
('477', '3.1306E+12', '2551', '3', '3', '2', 'สุทธาดา', 'เลขไวฑูรย์'),
('478', '3.2507E+12', '2551', '3', '3', '1', 'อภิชฌาฏย์', 'เดชสุภา'),
('479', '3.3003E+12', '2551', '3', '3', '1', 'อภิชาติ', 'คานนิม'),
('480', '3.1101E+12', '2551', '3', '3', '2', 'อารียา', 'บุญทวี'),
('481', '3.7204E+12', '2551', '3', '3', '1', 'อิทธิพล', 'ซื่อตรง'),
('482', '3.102E+12', '2551', '3', '3', '1', 'อุทัย', 'ศิริภักดิ์'),
('483', '3.2403E+12', '2551', '3', '4', '2', 'กรรณิการ์', 'มาระโภชน์'),
('484', '3.2511E+12', '2551', '3', '4', '1', 'กิตติวงค์', 'สาสวด'),
('485', '3.5705E+12', '2551', '3', '4', '1', 'คมสันต์', 'ธีระพืช'),
('486', '3.2403E+12', '2551', '3', '4', '1', 'ครรชิต', 'มาระโภชน์'),
('487', '3.2404E+12', '2551', '3', '4', '1', 'จัดการ', 'หาญบาง'),
('488', '3.1006E+12', '2551', '3', '4', '2', 'ช่อมณี', 'สุคันธิน'),
('489', '3.1006E+12', '2551', '3', '4', '1', 'ณัฐพล', 'บัวเปลี่ยนสี'),
('490', '3.3001E+12', '2551', '3', '4', '3', 'ดวงฤดี', 'จำรัสธนสาร'),
('491', '3.6599E+12', '2551', '3', '4', '2', 'ดาเรศ', 'วีระพันธ์'),
('492', '3.4113E+12', '2551', '3', '4', '1', 'ไตรภพ', 'โครตวงษา'),
('493', '3.1012E+12', '2551', '3', '4', '2', 'ทัศนวรรณ', 'ทัศนะพงษ์'),
('494', '3.1015E+12', '2551', '3', '4', '1', 'ธนัช', 'ถิ่นวัฒนากูล'),
('495', '3.2499E+12', '2551', '3', '4', '1', 'ธรรมรัตน์', 'สิมะโรจนา'),
('496', '3.8301E+12', '2551', '3', '5', '1', 'นภดล', 'เชนะโยธิน'),
('497', '3.1017E+12', '2551', '3', '4', '3', 'นภรภิสฎ์', 'ลัภกิตโร'),
('498', '3.2199E+12', '2551', '3', '4', '2', 'ประภัสสร', 'จันทร์สถิตย์พร'),
('499', '3.1002E+12', '2551', '3', '4', '2', 'พรพิมล', 'วิริยะกุล'),
('500', '3.6403E+12', '2551', '3', '4', '2', 'พิพรรธน์', 'พิเชฐศิรประภา'),
('501', '3.1201E+12', '2551', '3', '4', '3', 'พิมพ์จันทร์', 'อารยเมธาเลิศ'),
('502', '3.2499E+12', '2551', '3', '4', '1', 'พิศิษฐ', 'เมลานนท์'),
('503', '3.2001E+12', '2551', '3', '4', '1', 'ภานุวัฒน์', 'ธัมมิกนันท์'),
('504', '5.91E+12', '2551', '3', '4', '3', 'รัชฏาพร', 'มาสเสมอ'),
('505', '3.2005E+12', '2551', '3', '4', '1', 'ลัทธสิทธิ์', 'ปิยะพิสุทธิ์'),
('506', '3.1015E+12', '2551', '3', '4', '3', 'วริศรา', 'เชนะโยธิน'),
('507', '5.1006E+12', '2551', '3', '4', '1', 'วัฒนา', 'พิลาจันทร์'),
('508', '3.1006E+12', '2551', '3', '4', '3', 'วิชุดา', 'จันทร์เวโรจน์'),
('509', '3.1103E+12', '2551', '3', '4', '1', 'สัญญา', 'โดดสู้'),
('510', '3.2499E+12', '2551', '3', '4', '1', 'สิทธิศักดิ์', 'อรรจนานนท์'),
('511', '3.2009E+12', '2551', '3', '4', '2', 'สินีนาถ', 'เริ่มลาวรรณ'),
('512', '3.2498E+12', '2551', '3', '4', '3', 'สิริวรรณ', 'ชวลิตเมธา'),
('513', '3.2499E+12', '2551', '3', '4', '3', 'สุขิฏฐา', 'วิริยะไกรกุล'),
('514', '3.2402E+12', '2551', '3', '4', '3', 'สุชานาถ', 'พัฒนวงศ์งาม'),
('515', '3.2499E+12', '2551', '3', '4', '3', 'สุมลวรรณ', 'ยิ้มงาม'),
('516', '3.2499E+12', '2551', '3', '4', '3', 'อรกัญญ์', 'เอี่ยมพญา'),
('517', '3.6799E+12', '2551', '3', '4', '2', 'อรนุช', 'กฤตยขจรสกุล'),
('518', '3.2405E+12', '2551', '3', '4', '5', 'อรวรรณ', 'ธรรมพิทักษ์'),
('519', '3.2401E+12', '2551', '3', '4', '2', 'อัจนา', 'ปราชญากุล'),
('520', '3.1101E+12', '2551', '3', '4', '3', 'อัญชลี', 'ลุนแจ่ม'),
('521', '3.5104E+12', '2551', '3', '4', '1', 'อำนวย', 'ปาอ้าย'),
('522', '5.2408E+12', '2551', '3', '5', '2', 'กิ่งกาญจน์', 'ใหม่พิมพ์'),
('523', '3.1005E+12', '2551', '3', '5', '1', 'เกษม', 'เฉลิม'),
('524', '3.1607E+12', '2551', '3', '5', '2', 'จริยา', 'แผลงนอก'),
('525', '3.7005E+12', '2551', '3', '5', '1', 'จักรพันธ์', 'ปิ่นทอง'),
('526', '3.1202E+12', '2551', '3', '5', '1', 'จิรัฏฐ์', 'เหมือนวิหาร'),
('527', '3.1009E+12', '2551', '3', '5', '1', 'ชัชชาลี', 'รักษ์ตานนท์ชัย'),
('528', '3.7004E+12', '2551', '3', '5', '1', 'ชัชวาล', 'นิมโรธรรม'),
('529', '3.2402E+12', '2551', '3', '5', '1', 'ชัชวาล', 'มงคล'),
('530', '3.2499E+12', '2551', '3', '5', '1', 'ณัฐพงศ์', 'สุวรรณกุล'),
('531', '3.3413E+12', '2551', '3', '5', '1', 'นรินทร์', 'กุลนภาดล'),
('532', '3.5211E+12', '2551', '3', '5', '1', 'ภูมิพัฒน์', 'ก๋าคำ'),
('533', '3.2403E+12', '2551', '3', '5', '1', 'ประยุทธ', 'อินแบน'),
('534', '3.5711E+12', '2551', '3', '4', '1', 'ประสาน', 'นันทะเสน'),
('535', '3.1005E+12', '2551', '3', '5', '1', 'เฟื่องฉัตร', 'ภัทรวาณิชย์'),
('536', '3.6099E+12', '2551', '3', '5', '1', 'เมธี', 'พรมศิลา'),
('537', '3.3102E+12', '2551', '3', '5', '1', 'วิชาญ', 'ตอรบรัมย์'),
('538', '3.3307E+12', '2551', '3', '5', '1', 'สมศักดิ์', 'คำมา'),
('539', '3.4502E+12', '2551', '3', '5', '1', 'สราวุธ', 'อิศรานุวัฒน์'),
('540', '3.7201E+12', '2551', '3', '5', '2', 'สุทธิดา', 'การะเวก'),
('541', '3.2499E+12', '2551', '3', '5', '1', 'สุธี', 'ประจงศักดิ์'),
('542', '3.8105E+12', '2551', '3', '5', '1', 'สุเมธ', 'ผดุงทรัพย์'),
('543', '3.3201E+12', '2551', '3', '5', '1', 'สุรกิจ', 'ทองสุก'),
('544', '3.3102E+12', '2551', '3', '5', '1', 'อภิวัฒน์', 'วงศ์ณรัตน์'),
('545', '3.3102E+12', '2551', '3', '5', '2', 'อัญชลี', 'ชนะค้า'),
('546', '3.2499E+12', '2551', '3', '2', '3', 'กัญญา', 'เกื้อหนุน'),
('547', '4.1005E+12', '2551', '3', '7', '2', 'ลักษณาพร', 'โรจน์พิทักษ์กุล'),
('548', '3.3113E+12', '2551', '3', '2', '3', 'สายฝน', 'เสกขุนทด'),
('549', '3.1009E+12', '2551', '3', '3', '2', 'ฐิตาภา', 'สินธุรัตน์'),
('550', '3.2699E+12', '2551', '3', '4', '3', 'จุฑามาศ', 'เทียนแก้ว'),
('551', '3.2601E+12', '2551', '3', '5', '78', 'อาทิตย์', 'ชไมพรเลิศสกุล'),
('552', '3.8099E+12', '2551', '3', '5', '1', 'คฑาวุธ', 'สว่างพิศาลกิจ'),
('553', '3.3599E+12', '2551', '3', '5', '1', 'ปรีชา', 'คมขำ'),
('554', '3.2499E+12', '2551', '3', '5', '1', 'นิวัฒน์', 'โยธินศิริกุล'),
('555', '3.2602E+12', '2551', '3', '4', '3', 'กาญจนา', 'หะมณี'),
('556', '3.4501E+12', '2551', '3', '1', '1', 'ยอดชาย', 'โคตรุฉิน'),
('557', '3.1409E+12', '2551', '3', '4', '1', 'ทินภัทร', 'ปัญญาวิชิต'),
('558', '3.1601E+12', '2551', '3', '4', '1', 'วีระวิทย์', 'คีรี'),
('559', '3.2508E+12', '2551', '3', '4', '2', 'ศิริวรรณ', 'ทองใบ'),
('560', '3.1699E+12', '2551', '3', '7', '1', 'อัครชัย', 'เรืองวุฒิ'),
('561', '3.4505E+12', '2551', '3', '4', '3', 'มาฆวัน', 'กาบินพงษ์'),
('562', '3.6099E+12', '2551', '3', '3', '1', 'อนุชา', 'เจริญโพธิ์'),
('563', '3.1014E+12', '2551', '3', '4', '2', 'สุทิวา', 'สั่งอรุณ'),
('564', '3.1009E+12', '2551', '3', '4', '1', 'ภูมิพัฒน์', 'ตรีสิทธิเชษฐ'),
('565', '3.1009E+12', '2551', '3', '3', '1', 'เรืองวิทย์', 'ลิ่มปนาท'),
('566', '3.1014E+12', '2551', '3', '4', '3', 'พัชราภรณ์', 'วรรณพุฒ'),
('567', '3.1899E+12', '2551', '3', '5', '1', 'ชลัท', 'อุยถาวรยิ่ง'),
('568', '3.1015E+12', '2551', '3', '4', '2', 'เซียมหง', 'รักธรรมหรรษา'),
('569', '3.1006E+12', '2551', '3', '4', '2', 'จิตตาภัทร์', 'ชะอุ่มผล'),
('570', '3.3099E+12', '2551', '3', '4', '2', 'ระเบียบ', 'ปัทมดิลก'),
('571', '3.1102E+12', '2551', '3', '3', '90', 'เปมิกา', 'วิวัฒนพงศ์พันธ์'),
('572', '3.1006E+12', '2551', '3', '4', '2', 'เบญญาภา', 'สระน้อย'),
('573', '3.2499E+12', '2551', '3', '5', '3', 'ธนาภา', 'พึ่งแสง'),
('574', '3.1005E+12', '2551', '3', '5', '1', 'ประชา', 'แสงเรือง'),
('575', '3.3421E+12', '2551', '3', '2', '62', 'ดร.ทวีศักดิ์', 'รูปสิงห์'),
('576', '3.1302E+12', '2551', '3', '4', '1', 'ชานิติ', 'มุ่งเจริญ'),
('577', '5.1002E+12', '2551', '3', '4', '1', 'สมัชญ์พล', 'อิ่มฤทัย'),
('578', '3.2099E+12', '2551', '3', '4', '1', 'คมสัน', 'ทิพย์ปรีชา'),
('579', '3.1006E+12', '2551', '3', '5', '1', 'สุนทร', 'ก้องสินธุ'),
('580', '3.1018E+12', '2551', '3', '4', '1', 'เดชา', 'โพธิรักษ์'),
('581', '3.1018E+12', '2551', '3', '4', '1', 'ณกรณ์', 'ชนกโอวาท'),
('582', '3.8099E+12', '2551', '3', '3', '3', 'เรณู', 'รัศมิทัศ'),
('583', '3.2404E+12', '2551', '3', '4', '2', 'วรรณรีย์', 'บี้สมบูรณ์'),
('584', '3.2499E+12', '2551', '3', '4', '2', 'กฤชวรรณ', 'สิงห์คำ'),
('585', '3.2402E+12', '2551', '3', '3', '3', 'กัลยา', 'ทั่งทอง'),
('586', '3.6603E+12', '2551', '3', '4', '2', 'เกษิณี', 'ศุพัศน์'),
('587', '3.3015E+12', '2551', '3', '5', '1', 'จาตุรงค์', 'ขอเชื้อกลาง'),
('588', '3.2499E+12', '2551', '3', '4', '1', 'เจริญ', 'แน่นหนา'),
('589', '3.1015E+12', '2551', '3', '4', '2', 'ฉันทนา', 'เดชแก้ว'),
('590', '3.2401E+12', '2551', '3', '3', '1', 'ธนวิชญ์', 'บำรุงศิริ'),
('591', '3.2404E+12', '2551', '3', '2', '1', 'ธนู', 'ใหม่ประยูร'),
('592', '3.10091E+12', '2551', '3', '5', '1', 'นพรัตน์', 'ท้วมประดิษฐ์'),
('593', '3.1005E+12', '2551', '3', '2', '2', 'นันทิยา', 'รักตประจิต'),
('594', '3.4199E+12', '2551', '3', '2', '3', 'เนตรทราย', 'พัฒนพงษ์'),
('595', '3.2502E+12', '2551', '3', '4', '2', 'เบญจมาศ', 'ประพฤติธรรม'),
('596', '3.2499E+12', '2551', '3', '5', '2', 'ปฐาภรณ์', 'สถาพรวจนา'),
('597', '3.1002E+12', '2551', '3', '2', '3', 'ประวีณา', 'ปัญญาดิลกพงษ์'),
('598', '3.2597E+12', '2551', '3', '3', '1', 'ภูริทัต', 'ศรีอร่าม'),
('599', '3.2402E+12', '2551', '3', '5', '1', 'ภูวดล', 'เปี่ยมจาด'),
('600', '3.1103E+12', '2551', '3', '4', '2', 'ลัดดา', 'แสงเมือง'),
('601', '3.2507E+12', '2551', '3', '2', '3', 'วิจิตรา', 'จันทร์ศิริ'),
('602', '3.1907E+12', '2551', '3', '2', '3', 'สมศรี', 'ปาณะโตษะ'),
('603', '3.1909E+12', '2551', '3', '5', '1', 'สรศักดิ์', 'ภิญญภาพ'),
('604', '4.1999E+12', '2551', '3', '4', '1', 'สิทธิชัย', 'ชื่นชูวิทย์'),
('605', '3.102E+12', '2551', '3', '5', '1', 'สุนทร', 'เกียรติกำจรวงศ์'),
('606', '3.2499E+12', '2551', '3', '5', '1', 'สุพจน์', 'เทพพิพัฒน์'),
('607', '3.2406E+12', '2551', '3', '5', '1', 'สุรพงษ์', 'แก่นมณี'),
('608', '3.1015E+12', '2551', '3', '4', '3', 'โสภณา', 'วงศ์วิจารณ์'),
('609', '3.2506E+12', '2551', '3', '5', '1', 'อนันต์', 'ทวีการ'),
('610', '3.1007E+12', '2551', '3', '2', '2', 'อมรา', 'สุวรรณมณีแดง'),
('611', '3.2007E+12', '2551', '3', '4', '2', 'อัจฉรา', 'มานะอริยกุล'),
('612', '3.1706E+12', '2551', '3', '2', '2', 'อำพวรรณ์', 'เนียมคำ'),
('613', '3.1022E+12', '2551', '3', '3', '2', 'ชมชิด', 'อิ่มวิทยา'),
('614', '3.1806E+12', '2551', '3', '3', '1', 'วันชนะ', 'ทองคำเภา'),
('615', '3.6099E+12', '2551', '3', '2', '1', 'ประยุทธ์', 'วัชระดิษย์'),
('616', '3.1005E+12', '2551', '3', '4', '1', 'ภณอาภา', 'ศิลาอ่อน'),
('617', '3.1002E+12', '2551', '3', '4', '5', 'พงษ์เทพ', 'สันติกุล'),
('618', '3.1002E+12', '2551', '3', '4', '1', 'รชพล', 'สีขาวรส'),
('619', '3.6501E+12', '2551', '3', '4', '2', 'สินีนาฏ', 'พยอมหอม'),
('620', '3.5301E+12', '2551', '3', '1', '1', 'สมสกุล', 'พุ่มมาก'),
('621', '3.3208E+12', '2551', '3', '4', '1', 'พลวัฒน์', 'ชุมสุข'),
('622', '3.7599E+12', '2551', '3', '3', '1', 'ตะวัน', 'ประทักษ์นุกูล'),
('623', '3.2007E+12', '2551', '3', '4', '1', 'ปริญญา', 'สิริอัตตะกุล'),
('624', '5.901E+12', '2551', '3', '4', '1', 'กาญจน์', 'สุขศรีทอง'),
('625', '3.1015E+12', '2551', '3', '4', '1', 'ภาวิน', 'ชินะโชติ'),
('626', '3.1005E+12', '2551', '3', '4', '1', 'พิเศษ', 'ชัยดิเรก'),
('627', '3.2401E+12', '2551', '3', '4', '2', 'ยุวดี', 'อุไรวงษ์'),
('628', '3.6701E+12', '2551', '3', '2', '6', 'อดิพล', 'เปียทอง'),
('629', '3.1598E+12', '2551', '3', '2', '1', 'ชิษณุพงศ์', 'เสนีย์วงษ์ ณ อยุธยา'),
('630', '3.8302E+12', '2551', '3', '3', '2', 'ฌานิกา', 'สุขวัฒนวิจิตร'),
('631', '3.102E+12', '2551', '3', '1', '2', 'ศิริ', 'สมวงศ์'),
('632', '3.1104E+12', '2551', '3', '3', '1', 'สุธีร์', 'ขันธประสิทธิ์'),
('633', '3.1201E+12', '2551', '3', '3', '1', 'อรุณ', 'สังข์ทอง'),
('634', '3.1022E+12', '2551', '3', '2', '5', 'สมชาย', 'สังข์สี'),
('635', '3.1101E+12', '2551', '3', '4', '1', 'สุรสีห์', 'คล้ายบวร'),
('636', '3.1601E+12', '2551', '3', '4', '2', 'ธิดารัตน์', 'คีรี'),
('637', '3.1018E+12', '2551', '3', '4', '1', 'เทิด', 'ทองดี'),
('638', '3.6599E+12', '2551', '3', '4', '2', 'จิราภา', 'พึ่งบางกรวย'),
('639', '3.1601E+12', '2551', '3', '4', '47', 'ฉัตรชัย', 'ปวิตรวงศ์'),
('640', '3.7101E+12', '2551', '3', '4', '1', 'มานพ', 'พานิชกุล'),
('641', '3.1599E+12', '2551', '3', '4', '1', 'สาโรช', 'หว่างนุ่ม'),
('642', '3.2405E+12', '2551', '3', '4', '1', 'กันตพัฒน์', 'จารุภัทรยศพัทธ์'),
('643', '4.1009E+12', '2551', '3', '4', '1', 'สุวิทย์', 'จงเทิดทูนสกุล'),
('644', '3.1005E+12', '2551', '3', '4', '1', 'ชาญณรงค์', 'ธรรมพนิชวัฒน์'),
('645', '3.1102E+12', '2551', '3', '4', '1', 'วุฒิชัย', 'พิพัฒน์รังสรรค์'),
('646', '3.1021E+12', '2551', '3', '5', '1', 'กชสุพัฒน์', 'พุทธิพิพัฒน์ขจร'),
('647', '3.1024E+12', '2551', '3', '4', '1', 'ชัยวัฒน์', 'งามภาคภูมิ'),
('648', '5.64049E+12', '2551', '3', '5', '1', 'ธนากร', 'คุ้มคงกระจ่าง'),
('649', '3.101E+12', '2551', '3', '3', '1', 'พงษ์สวัสดิ์', 'เขียนทอง'),
('650', '3.1201E+12', '2551', '3', '5', '1', 'จักรพันธ์', 'กัณหา'),
('651', '3.3099E+12', '2551', '3', '4', '1', 'สุภิรัตน์', 'ศรีพุทธางกูร'),
('652', '3.2499E+12', '2551', '3', '4', '2', 'รัตติญาภรณ์', 'จารุภัทรยศพัทธ์'),
('653', '3.1104E+12', '2551', '3', '4', '1', 'วิชัย', 'ทองคำแม้นศรี'),
('654', '3.10091E+12', '2551', '3', '4', '2', 'อมรรัตน์', 'กรีธาธร'),
('655', '3.1408E+12', '2551', '3', '5', '1', 'ภคิณ', 'แก้วแกมเงิน'),
('656', '3.1011E+12', '2551', '3', '4', '3', 'นิทรา', 'ณ เรืองศรี'),
('657', '3.3411E+12', '2551', '3', '4', '1', 'นิพนธ์', 'สุวรรณกูฏ'),
('658', '3.8699E+12', '2551', '3', '5', '1', 'ชำนิ', 'ใจประดิษฐ์ธรรม'),
('659', '3.1012E+12', '2551', '3', '5', '1', 'บุญส่ง', 'พลสัมฤทธิ์'),
('660', '3.2003E+12', '2551', '3', '5', '1', 'ณัฐวัฒน์', 'ฐิตวัฒนา'),
('661', '3.4097E+12', '2551', '3', '5', '1', 'ทองเหลา', 'ผลานิสง'),
('662', '3.3604E+12', '2551', '3', '5', '1', 'ประพฤทธิ์', 'สุพร'),
('663', '3.6303E+12', '2551', '3', '5', '1', 'นพพร', 'บึกแว่น'),
('664', '3.1202E+12', '2551', '3', '3', '1', 'คมลักษณ์', 'ไชยยะ'),
('665', '3.2499E+12', '2551', '3', '4', '3', 'อนงค์', 'อาษาดี'),
('666', '3.2498E+12', '2551', '3', '4', '2', 'ปรียาวดี', 'ผลเอนก'),
('667', '3.2401E+12', '2551', '3', '3', '3', 'อิงตะวัน', 'แพลูกอินทร์'),
('668', '3.2401E+12', '2551', '3', '3', '2', 'เพิ่มทรัพย์', 'ชัยบัณฑิตย์'),
('669', '3.2499E+12', '2551', '3', '3', '3', 'กนกทิพย์', 'หงษ์ทวี'),
('670', '3.3401E+12', '2551', '3', '5', '1', 'ชัยวิทย์', 'เสมอภาค'),
('671', '3.2499E+12', '2551', '3', '4', '2', 'พรชนก', 'เวโรจน์'),
('672', '3.102E+12', '2551', '3', '4', '2', 'ผจง', 'วิเศษค้า'),
('673', '3.2499E+12', '2551', '3', '4', '3', 'ธีรนุช', 'โมกขะเวส'),
('674', '', '2551', '3', NULL, '1', 'ทดสอบ', 'ทดสอบ'),
('675', '3.3506E+12', '2551', '3', '4', '3', 'วัชราภรณ์', 'สิงห์สำราญ'),
('676', '3.2505E+12', '2551', '3', '4', '1', 'ศุภกฤต', 'ดิษฐสุวรรณ'),
('677', '', '2551', '3', NULL, '5', 'ธัชพล', 'อภิมลบุตร'),
('678', '3.1006E+12', '2551', '3', '4', '5', 'ธัชพล', 'อภิมนต์บุตร'),
('679', '3.1006E+12', '2551', '3', '4', '1', 'ชาดิส', 'มินสาคร'),
('680', '3.2499E+12', '2551', '3', '4', '3', 'วรรณี', 'ขุมมงคล'),
('681', '3.2499E+12', '2551', '3', '4', '1', 'ฤทธิรณ', 'เจริญสุข'),
('682', '3.3499E+12', '2551', '3', '4', '2', 'นงลักษณ์', 'สิงห์คำ'),
('683', '3.2007E+12', '2551', '3', '4', '1', 'อร่าม', 'จันทโรธรณ์'),
('684', '', '2551', '3', NULL, '1', 'อร่าม', 'จันทรโรจน์'),
('685', '3.2409E+12', '2551', '3', '4', '1', 'วันชัย', 'นพรัตน์'),
('686', '3.2099E+12', '2551', '3', '4', '5', 'สุธีรา', 'ตังสวานิช'),
('687', '3.2097E+12', '2551', '3', '4', '1', 'ชัยรัตน์', 'วิทยพิเชฐสกุล'),
('688', '3.2106E+12', '2551', '3', '4', '1', 'ประสิทธิ์', 'อาจปักษา'),
('689', '', '2551', '3', NULL, '1', 'สุวิทย์', 'จงเทิดทุนสกุล'),
('690', '3.1012E+12', '2551', '3', '4', '1', 'จิติณัฐ', 'วิมานรัตน์'),
('691', '3.7106E+12', '2551', '3', '4', '1', 'พิษณุ', 'ลิมพะสูตร'),
('692', '3.2101E+12', '2551', '3', '4', '1', 'วชิรวิชญ์', 'โสธนะ'),
('693', '3.2199E+12', '2551', '3', '4', '1', 'เอกพล', 'จันทร์สถิตย์พร'),
('694', '3.2001E+12', '2551', '3', '4', '1', 'สุเมธ', 'วงษ์นิพนธ์'),
('695', '3.1104E+12', '2551', '3', '4', '2', 'อิสรากร', 'แสงจันทร์'),
('696', '', '2551', '3', NULL, '3', 'จิตตาภัทร์', 'ชะอุ่มผล'),
('697', '3.1005E+12', '2551', '3', '4', '1', 'พลากร', 'วิริยะศาสตร์'),
('698', '3.2406E+12', '2551', '3', '4', '1', 'มิตร', 'สมประเสริฐ'),
('699', '', '2551', '3', NULL, '3', 'จิราภรณ์', 'วจก'),
('700', '3.10091E+12', '2551', '3', '4', '3', 'มุทิตา', 'แมนเมตตกุล'),
('701', '3.1022E+12', '2551', '3', '4', '1', 'ประภัสสร', 'คำสวัสดิ์'),
('702', '', '2551', '3', NULL, '3', 'สุวพัชร', 'เศรษฐศาสตร์'),
('703', '3.2402E+12', '2551', '3', '4', '2', 'สุภาวดี', 'มงคลธรรมกุล'),
('704', '3.8499E+12', '2551', '3', NULL, '3', 'พิณพาทย์', 'แตงสี'),
('705', '3.8099E+12', '2551', '3', '4', '3', 'สุทิศา', 'รัตนวิชา'),
('706', '4.4199E+12', '2551', '3', '4', '1', 'อำนวย', 'บรรยงวณิชชา'),
('707', '3.2403E+12', '2551', '3', '8', '2', 'นวลปราง', 'แสงอุไร'),
('708', '3.4505E+12', '2551', '3', '11', '1', 'วัชรากร', 'พาหะนิชย์'),
('709', '3.7208E+12', '2551', '3', '1', '1', 'ปัญญา', 'ศิริโชติ'),
('710', '3.7106E+12', '2551', '3', '1', '2', 'ศิริพร', 'คล่องจิตต์'),
('711', '3.9007E+12', '2551', '3', '1', '1', 'สถิตย์', 'ประสิทธากรณ์'),
('712', '3.8403E+12', '2551', '3', '4', '1', 'ชาญชัย', 'มีแถบ'),
('713', ' ', '2551', '3', NULL, '1', 'สมัชพล', 'อิ่มฤทัย'),
('714', '3.7704E+12', '2551', '3', '4', '3', 'ลักษณา', 'เออร์วิน'),
('715', '3.1306E+12', '2551', '3', NULL, '1', 'ณัชพล', 'ทิพย์โอสถ'),
('716', '', '2551', '3', NULL, '2', 'ธิดารัตน์', 'คีรี'),
('717', '3.1199E+12', '2551', '3', '3', '1', 'ธนบดี', 'ฐานะชาลา'),
('718', '3.1199E+12', '2551', '3', '4', '2', 'พิมพ์นิภา', 'วิชยวรพัฒน์'),
('719', '3.2402E+12', '2551', '3', '4', '2', 'บุษยา', 'วงศ์วัฒนาวุฒิ'),
('720', '3.2202E+12', '2551', '3', '4', '2', 'พัชรินทร์', 'งามชนะอนุรักษ์'),
('721', '3.2499E+12', '2551', '3', '4', '1', 'พิพัฒน์', 'ทรงอักษร'),
('722', '5.7206E+12', '2551', '3', '4', '1', 'ดุสิต', 'โพธิ์พันธุ์'),
('723', '', '2551', '3', NULL, '3', 'พัด', 'ฑีฆวิณห์'),
('724', '3.1101E+12', '2551', '3', '4', '2', 'กอบกนก', 'แดงค้ำคุณ'),
('725', '3.2499E+12', '2551', '3', '4', '1', 'เอกชัย', 'โมกขเวส'),
('726', ' ', '2551', '3', NULL, '1', 'วีระวิทย์', 'คีรี'),
('727', '3.1101E+12', '2551', '3', '4', '2', 'อิสริยา', 'คมกริชวรากูล'),
('728', '', '2551', '3', NULL, '2', 'พรรณปพร', 'คันธะมธุรส'),
('729', '3.2004E+12', '2551', '3', '4', '2', 'กรพินทร์', 'ชาวนา'),
('730', '3.4713E+12', '2551', '3', '4', '1', 'วิเศษ', 'วรรณพันธ์'),
('731', '3.2006E+12', '2551', '3', '4', '2', 'ทิวารัตน์', 'จิตรทิวา'),
('732', '3.2101E+12', '2551', '3', '4', '2', 'แคทลิยา', 'สวัสดี'),
('733', '3.1303E+12', '2551', '3', '4', '2', 'รัชดา', 'แก่นศิริ'),
('734', '3.2501E+12', '2551', '3', '4', '3', 'ชนัญญา', 'มณฑา'),
('735', '3.1016E+12', '2551', '3', '4', '1', 'อดุล', 'ชาญพานิชกิจการ'),
('736', '3.2004E+12', '2551', '3', '7', '1', 'ชัยณรงค์', 'อ่ำผึ้ง'),
('737', '3.3498E+12', '2551', '3', '1', '2', 'ปรารถนา', 'มณีฉาย'),
('738', '3.2406E+12', '2551', '3', '1', '1', 'สรรเสริญ', 'ผาวันดี'),
('739', '3.2501E+12', '2551', '3', '2', '1', 'สุเมธ', 'ใจขำ'),
('740', '3.1017E+12', '2551', '3', '4', '3', 'อรษา', 'ตันเจริญ'),
('741', '3.4199E+12', '2551', '3', '4', '2', 'ณัฐินี', 'บุญสถาพรพงษ์'),
('742', '3.1022E+12', '2551', '3', '4', '2', 'อุบลวดี', 'โล่สุวรรณ์'),
('743', '3.2501E+12', '2551', '3', '4', '2', 'ปวีณา', 'มากฤทธิ์');
INSERT INTO `instructor` (`instructor_id`, `citizen_id`, `year`, `semester_id`, `faculty_id`, `title_id`, `stf_name`, `stf_lname`) VALUES
('744', '4.1008E+12', '2551', '3', '4', '3', 'นีรนาท', 'ฐิติปัญโยภาส'),
('745', '3.2096E+12', '2551', '3', '4', '3', 'สุภาพ', 'ผดุงศักดิ์ชัยกุล'),
('746', '3.2006E+12', '2551', '3', '4', '3', 'พิชญ์ชญาศา', 'กีรติผาติโรจน์'),
('747', '3.7498E+12', '2551', '3', '4', '1', 'สมชาติ', 'รุ่งเรืองศุภรัตน์'),
('748', '3.7498E+12', '2551', '3', '4', '1', 'ณรงค์', 'รุ่งเรืองศุภรัตน์'),
('749', '3.5599E+12', '2551', '3', '4', '2', 'จิรนันท์', 'แห่วตระกูลปัญญา'),
('750', '3.2001E+12', '2551', '3', '4', '1', 'สุรศักดิ์', 'ทองระอา'),
('751', '3.7099E+12', '2551', '3', '4', '3', 'มนธิชา', 'เนื่องชลธาร'),
('752', '3.1009E+12', '2551', '3', '4', '3', 'พรเพ็ญ', 'องอาจวาจา'),
('753', '3.2203E+12', '2551', '3', '4', '1', 'ยุทธนา', 'พรรคอนันต์'),
('754', '3.4109E+12', '2551', '3', '4', '2', 'ธนิษฐิ์กาญจน์', 'ประภาสะโนบล'),
('755', '3.2101E+12', '2551', '3', '4', '2', 'อนิสรา', 'บุญศักดิ์'),
('756', '3.6705E+12', '2551', '3', '4', '2', 'อาภรณ์', 'ด้วงทอง'),
('757', '3.7206E+12', '2551', '3', '4', '3', 'กัญญา', 'โพธิ์พันธุ์'),
('758', '3.2199E+12', '2551', '3', '4', '3', 'พัณณ์ชิตา', 'รุจิโรจน์สกุล'),
('759', '3.2005E+12', '2551', '3', '4', '2', 'กาญจนา', 'เนื่องอินทร์'),
('760', '3.7306E+12', '2551', '3', '4', '2', 'นภาภรณ์', 'ไชยชาญพันธุ์'),
('761', '3.1013E+12', '2551', '3', '4', '2', 'กรวีร์ญาณ์', 'ต่อไพบูลย์'),
('762', '', '2551', '3', '4', '3', 'สุทิวา', 'สั่งอรุณ'),
('763', '', '2551', '3', '4', '2', 'อมรรัตน์', 'กรีธาธร'),
('764', '3.8001E+12', '2551', '3', '4', '6', 'กาญจนา', 'จินดานิล'),
('765', '3.8604E+12', '2551', '3', '4', '3', 'ศรีสุดา', 'ทาเจริญ'),
('766', '3.3018E+12', '2551', '3', '4', '1', 'ต่อศักดิ์', 'ภักดีสถิตธรรม'),
('767', '3.1002E+12', '2551', '3', '4', '1', 'ธนพล', 'ทับโพธิ์'),
('768', '3.1009E+12', '2551', '3', '4', '1', 'สุทธิเกียรติ', 'มูซอเฮต'),
('769', '3.1021E+12', '2551', '3', '4', '1', 'สุรชัย', 'วิวัฒนชัยวงศ์'),
('770', '3.5201E+12', '2551', '3', '4', '1', 'พรชัย', 'กัณฑ์สุข'),
('771', '3.7001E+12', '2551', '3', '4', '1', 'สิโรตม์', 'สีทองสุข'),
('772', '3.4501E+12', '2551', '3', '4', '2', 'อมรรัตน์', 'เผ่าภูธร'),
('773', '3.7499E+12', '2551', '3', '4', '1', 'พลวิชญ์', 'กิจนิธิบารมี'),
('774', '3.7007E+12', '2551', '3', '4', '3', 'อนัญญา', 'จินดาวัฒนะ'),
('775', '3.2599E+12', '2551', '2', '3', '1', 'พงศา', 'รวมทรัพย์'),
('776', '3.2499E+12', '2551', '3', '4', '2', 'รุ่งนภา', 'มานะชัยสิทธิ์'),
('777', '3.10091E+12', '2551', '3', '4', '3', 'จิรพันธ์', 'สิทธิเขตการ'),
('778', '3.1005E+12', '2551', '3', '4', '3', 'รัตกานต์', 'พันธุ์ดี'),
('779', '3.2404E+12', '2551', '3', '4', '3', 'สุวิมล', 'เที่ยงแท้'),
('780', '3.2006E+12', '2551', '3', '3', '1', 'จำนงค์', 'ลายทอง'),
('781', '3.2001E+12', '2551', '3', '3', '1', 'กฤษฎา', 'ธนัญชยะกุล'),
('782', '3.1604E+12', '2551', '3', '3', '1', 'มณเฑียร', 'สิทธิไกร'),
('783', '', '2551', '3', '3', '1', 'คมสันต์', 'รัฐศาสตร์'),
('784', '', '2551', '3', '3', '1', 'สุธีรย์', 'รัฐศาสตร์'),
('785', '3.2402E+12', '2551', '3', '3', '1', 'ป้องปราการ', 'สุดนุช'),
('786', '', '2551', '3', '3', '1', 'อรุณ', 'สังข์ทอง'),
('787', '3.1103E+12', '2551', '3', '4', '1', 'สมคิด', 'มิมมา'),
('788', '3.2001E+12', '2551', '3', '4', '1', 'ขจรศักดิ์', 'เชาว์เจริญรัตน์'),
('789', '3.2097E+12', '2551', '3', '4', '1', 'ณรงค์', 'ธนารักษ์'),
('790', '3.2009E+12', '2551', '3', '4', '2', 'ชุติกาญจน์', 'นุชธิสาร'),
('791', '3.2009E+12', '2551', '3', '4', '2', 'ชมัยพร', 'อรชร'),
('792', '3.5705E+12', '2551', '3', '4', '3', 'ปนัดดา', 'บุญยืน'),
('793', '', '2551', '3', '4', '1', 'วุฒิชัย', 'พิพัฒน์รังสรรค์'),
('794', '3.2402E+12', '2551', '3', '4', '2', 'กมลทิพย์', 'วงษ์ภักดี'),
('795', '3.1006E+12', '2551', '3', '4', '1', 'ประพงษ์พัฒน์', 'บุญเปี่ยม'),
('796', '3.1006E+12', '2551', '3', '4', '1', 'วิวัฒน์', 'ประรักกะโม'),
('797', '3.2199E+12', '2551', '3', '4', '2', 'กุณฑลี', 'ปานะเจริญ'),
('798', ' ', '2551', '3', '4', '2', 'เพียงฤทัย', 'สุขสว่าง'),
('799', '3.2007E+12', '2551', '3', '4', '1', 'ตุลวิทย์', 'อาษา'),
('800', '3.2006E+12', '2551', '3', '4', '2', 'เพียงฤทัย', 'สุขสว่าง'),
('801', '3.1009E+12', '2551', '3', '4', '1', 'ศิริชัย', 'ลาภพณิชพูลผล'),
('802', '3.1017E+12', '2551', '3', '4', '2', 'พัชรากาญจน์', 'ศุภเกษมพัฒน์'),
('803', '3.1199E+12', '2551', '3', '4', '1', 'พงษ์ศักดิ์', 'ศักดิ์สมุทรานันท์'),
('804', '3.102E+12', '2551', '3', '4', '1', 'สุเมษ', 'เลิศจริยพร'),
('805', '', '2551', '3', '4', '1', 'อรรถพล', 'ตลาด'),
('806', '3.1006E+12', '2551', '3', '4', '2', 'กนกนาถ', 'รัตนานุพงศ์'),
('807', '3.6009E+12', '2551', '3', '4', '1', 'วิโรจน์', 'จำปาทอง'),
('808', '3.2009E+12', '2551', '3', '3', '1', 'ณัฐวัฒน์', 'วิเศษสุวรรณ์'),
('809', '3.2001E+12', '2551', '3', '3', '3', 'ศรัณยา', 'รักเสรี'),
('810', '3.6605E+12', '2551', '3', '3', '1', 'กฤษกร', 'อุ้ยนิรันดร์กุล'),
('811', '3.1017E+12', '2551', '3', '3', '1', 'สำเริง', 'เกราะสุวรรณสุข'),
('812', '3.2097E+12', '2551', '3', '3', '1', 'ทวีสิทธิ์', 'อิศรเดช'),
('813', '3.2499E+12', '2551', '3', '3', '1', 'ณพล', 'คงเจริญ'),
('814', '3.601E+12', '2551', '3', '3', '1', 'ธีระวุฒิ', 'กลิ่นด้วง'),
('815', '3.2499E+12', '2551', '3', '3', '2', 'สุขสรรค์', 'แดงภักดี'),
('816', '', '2551', '3', '3', '1', 'เรืองวิทย์', 'ลิ่มปนาท'),
('817', '3.2099E+12', '2551', '3', '3', '1', 'กิตติ', 'แก้วศิริ'),
('818', '3.2599E+12', '2551', '3', '3', '1', 'พงศา', 'รวมทรัพย์'),
('819', '3.3018E+12', '2551', '3', '3', '2', 'วาสนา', 'หุ่นจีน'),
('820', '3.1005E+12', '2551', '3', '3', '3', 'ศรีเงิน', 'แพสุพัฒน์'),
('821', '3.1017E+12', '2551', '3', '3', '3', 'ปฏิมา', 'มเหศวร'),
('822', '', '2551', '3', '3', '3', 'เรณู', 'รัศมิทัต'),
('823', '3.1012E+12', '2551', '3', '3', '2', 'สุพัตรา', 'แก้วจุมพล'),
('824', '3.1009E+12', '2551', '3', '3', '1', 'พิเชษฐ์', 'มีมั่งคั่ง'),
('825', '3.2005E+12', '2551', '3', '3', '3', 'อรนุช', 'พัดเย็นชื่น'),
('826', '3.2006E+12', '2551', '3', '3', '2', 'พุทธิมา', 'คอนหน่าย'),
('827', '3.7699E+12', '2551', '3', '3', '1', 'รังสี', 'ศิริไปล์'),
('828', '3.2402E+12', '2551', '3', '3', '3', 'วันเพ็ญ', 'เรืองรัตน์'),
('829', '', '2551', '3', '3', '3', 'ฐิตาภา', 'สินธุรุตน์'),
('830', '3.1006E+12', '2551', '3', '3', '3', 'ฉัตรวารินทร์', 'นรเศรษฐิธิติ'),
('831', '3.2301E+12', '2551', '3', '5', '1', 'รัชภูมิ', 'รัตนเพียร'),
('832', '3.1002E+12', '2551', '3', '5', '1', 'อรรถ', 'พยอมหอม'),
('833', '3.7605E+12', '2551', '3', '5', '3', 'ศิริวรรณ', 'ฉายศิริ'),
('834', '3.2405E+12', '2551', '3', '5', '1', 'ทัศไนย', 'ปราณี'),
('835', '3.3098E+12', '2551', '3', '5', '1', 'จรูญศักดิ์', 'แสไพศาล'),
('836', '3.1015E+12', '2551', '3', '5', '1', 'วิชัย', 'หาญพลาชัย'),
('837', '3.2401E+12', '2551', '3', '5', '1', 'ธงชัย', 'จินาพันธ์'),
('838', '4.1012E+12', '2551', '3', '5', '1', 'โชติพัฒน์', 'หาญเจริญอัศวสุข'),
('839', '3.2002E+12', '2551', '3', '5', '2', 'วนิดา', 'ภาชนะสุวรรณ'),
('840', '3.2499E+12', '2551', '3', '5', '1', 'สุรัฐ', 'ตัณยะกุล'),
('841', '3.6406E+12', '2551', '3', '5', '1', 'คฑาวุธ', 'เทพยศ'),
('842', '3.2005E+12', '2551', '3', '5', '1', 'ปิติพัฒน์', 'บุญยสิทธิกุล'),
('843', '3.2006E+12', '2551', '3', '5', '1', 'ไพฑูรย์', 'วชิรวงศ์ภิญโญ'),
('844', '3.1005E+12', '2551', '3', '5', '1', 'เอกณภูมิ', 'กัณหา'),
('845', '3.7204E+12', '2551', '3', '5', '1', 'จาตุรงค์', 'พึ่งจักคลี่'),
('846', '3.6799E+12', '2551', '3', '5', '1', 'ทรงวุฒิ', 'เสมาคำ'),
('847', '3.2105E+12', '2551', '3', '5', '3', 'กฤษฎา', 'ต๊ะวิชัย'),
('848', '3.2099E+12', '2551', '3', '5', '1', 'จิรวัฒน์', 'วรวิชัย'),
('849', '3.4704E+12', '2551', '3', '5', '1', 'อิสระ', 'นนธิราช'),
('850', '3.2101E+12', '2551', '3', '5', '3', 'ชุติมา', 'ค้าผล'),
('851', '3.6097E+12', '2551', '3', '5', '1', 'กิตติศักดิ์', 'ห่วงมิตร'),
('852', '3.2105E+12', '2551', '3', '5', '1', 'คมสรรค์', 'ภู่ทอง'),
('853', '3.2504E+12', '2551', '3', '4', '3', 'สุวณีญาณ์', 'ไชยสิทธิ์'),
('854', '3.2301E+12', '2551', '3', '5', '3', 'สุภิญญา', 'วงศ์เพียร'),
('855', '3.2103E+12', '2551', '3', '5', '3', 'จินตะหรา', 'งามเลิศ'),
('856', '3.8601E+12', '2551', '3', '5', '1', 'วิรัช', 'โอษฐยิ้มพราย'),
('857', '3.7007E+12', '2551', '3', '5', '1', 'กิตติ', 'สุรารักษ์'),
('858', '3.2603E+12', '2551', '3', '5', '1', 'กิตติศักดิ์', 'สุขปลั่ง'),
('859', '3.2501E+12', '2551', '3', '5', '1', 'พจน์', 'พจนพาณิชย์กุล'),
('860', '3.1201E+12', '2551', '3', '5', '1', 'สมไทย', 'โอฐยิ้มพราย'),
('861', '3.2512E+12', '2551', '3', '5', '1', 'ประเวช', 'เชื้อวงษ์'),
('862', '3.2499E+12', '2551', '3', '5', '1', 'ธนธัช', 'มั่นมงคล'),
('863', '3.7201E+12', '2551', '3', '5', '1', 'ณัฐภัทร', 'กาญจนเรืองรอง'),
('864', '3.6405E+12', '2551', '3', '4', '2', 'วริยาลักษณ์', 'กลิ่นทับ'),
('865', '3.8012E+12', '2551', '3', '5', '1', 'ภวินท์ริศ', 'ดำดวน'),
('866', '3.1004E+12', '2551', '3', '5', '1', 'สิทธิศักดิ์', 'ภูวสิทธิ์กุล'),
('867', '3.1006E+12', '2551', '3', '5', '1', 'สรณะ', 'กองกุลศิริ'),
('868', '3.2403E+12', '2551', '3', '5', '1', 'กีรติ', 'มาซอรี'),
('869', '', '2551', '3', '5', '1', 'สุมล', 'แซ่เฮง'),
('870', '3.4199E+12', '2551', '3', '5', '1', 'ทศพร', 'พรหมสิทธิ์'),
('871', '3.4016E+12', '2551', '3', '3', '1', 'กันตพัฒน์', 'ชนะบุญ'),
('872', '3.2409E+12', '2551', '3', '3', '4', 'ประภัสสร์', 'ชมถาวร'),
('873', '3.3508E+12', '2551', '3', '3', '1', 'ณรงค์', 'พลมาตร์'),
('874', '3.3013E+12', '2551', '3', '3', '1', 'แหวน', 'เพ็ชรตะกั่ว'),
('875', '3.1024E+12', '2551', '3', '3', '3', 'อารีนา', 'เลิศแสนพร'),
('876', '3.2006E+12', '2551', '3', '3', '3', 'สุพร', 'บัวทอง'),
('877', '3.2405E+12', '2551', '3', '3', '1', 'พงษ์สุรีย์', 'อัสพันธ์'),
('878', '3.1002E+12', '2551', '3', '3', '1', 'รัชพล', 'สีขาวรส'),
('879', '3.2603E+12', '2551', '2', '5', '1', 'กิตติศักดิ์', 'สุขปลั่ง'),
('880', '3.2097E+12', '2551', '2', '4', '2', 'ณัฐชา', 'วิทยพิเชฐสกุล'),
('881', '3.2009E+12', '2551', '3', '5', '47', 'สิริพจน์', 'ศรีทองอินทร์'),
('882', '', '2551', '3', NULL, '2', 'ธัญลักษณ์', 'เขาเหม้น'),
('883', '3.2507E+12', '2551', '3', '5', '1', 'กิตติศักดิ์', 'อาดุลยศักดิ์'),
('884', '3.2405E+12', '2551', '3', '5', '1', 'สุขัณ', 'กุลละวณิชย์'),
('885', '', '2551', '3', '5', '3', 'ชไมพร', 'เลิศสกุล'),
('886', '', '2551', '3', '5', '3', 'ธนาภา', 'พึ่งแสง'),
('887', '3.2499E+12', '2551', '3', '5', '2', 'ราตรี', 'พึ่งแสง'),
('888', '3.2499E+12', '2551', '3', '5', '1', 'ธิติพัทธ์', 'แน่นหนา'),
('889', '3.1006E+12', '2551', '3', '5', '1', 'ศักดิ์ชัย', 'จันทร์แก้ว'),
('890', '3.5399E+12', '2551', '3', '5', '2', 'พุทธดี', 'อุบลศุข'),
('891', '3.4099E+12', '2551', '3', '5', '1', 'ฤกษ์ฤทธิ์', 'จันทุดม'),
('892', '5.25E+12', '2551', '2', '7', '3', 'พรทิพย์', 'คำชาย'),
('893', '3.2401E+12', '2551', '2', '2', '2', 'พรทิพย์', 'อ้นเกษม'),
('894', '3.2098E+12', '2551', '2', '9', '3', 'นพมาศ', 'หงษาชาติ'),
('895', '3.2501E+12', '2551', '2', '2', '1', 'อำนาจ', 'บุญประเสริฐ'),
('896', '3.1005E+12', '2551', '2', '7', '3', 'มาณี', 'พันธุ์เมือง'),
('897', '3.3498E+12', '2551', '2', '1', '2', 'ปรารถนา', 'มณีฉาย'),
('898', '3.601E+12', '2551', '2', '3', '1', 'ธีระวุฒิ', 'กลิ่นด้วง'),
('899', '3.101E+12', '2551', '2', '10', '3', 'บังอร', 'อนุเมธางกูร'),
('900', '3.2499E+12', '2551', '2', '7', '3', 'พรพรรณ', 'นินนาท'),
('901', '3.2499E+12', '2551', '2', '4', '1', 'อายุวัฒน์', 'รงคะประยูร'),
('902', '3.9599E+12', '2551', '2', '8', '3', 'พัชรี', 'สพโชค'),
('903', '3.3506E+12', '2551', '2', '4', '3', 'วัชราภรณ์', 'สิงห์สำราญ'),
('904', '3.2001E+12', '2551', '2', '9', '1', 'จินดา', 'เนื่องจำนงค์'),
('905', '3.7201E+12', '2551', '2', '5', '1', 'ณัฐภัทร', 'กาญจนเรืองรอง'),
('906', '3.4505E+12', '2551', '2', '11', '1', 'วัชรากร', 'พาหะนิชย์'),
('907', '3.2406E+12', '2551', '2', '1', '1', 'สรรเสริญ', 'ผาวันดี'),
('908', '3.2404E+12', '2551', '2', '9', '3', 'วัฒนาพร', 'งามสุทธิ'),
('909', '3.2403E+12', '2551', '2', '8', '2', 'นวลปราง', 'แสงอุไร'),
('910', '3.2499E+12', '2551', '2', '5', '1', 'ธนธัช', 'มั่นมงคล'),
('911', '3.2099E+12', '2551', '2', '10', '3', 'สรวยสม', 'จิตรรัตน์'),
('912', '3.2499E+12', '2551', '2', '11', '3', 'กุลวดี', 'โรจน์ไพศาลกิจ'),
('913', '3.2512E+12', '2551', '2', '5', '1', 'ประเวช', 'เชื้อวงษ์'),
('914', '3.2402E+12', '2551', '2', '1', '1', 'วรากร', 'เกรียงไกรศักดา'),
('915', '3.1601E+12', '2551', '2', '1', '1', 'สิงหา', 'จันทร์ขาว'),
('916', '3.2006E+12', '2551', '2', '3', '2', 'เนติมา', 'พัฒนากุล'),
('917', '3.6499E+12', '2551', '2', '3', '1', 'สิริวิทย์', 'สุขกันต์'),
('918', '3.2499E+12', '2551', '2', '2', '1', 'รังรอง', 'งามศิริ'),
('919', '3.5704E+12', '2551', '2', '1', '1', 'จักรกริช', 'ไชยเนตร'),
('920', '3.4302E+12', '2551', '2', '2', '2', 'ณัฐกานต์', 'พจนพิมล'),
('921', '3.2401E+12', '2551', '2', '3', '1', 'พิทยา', 'นินนาท'),
('922', '3.3018E+12', '2551', '2', '3', '2', 'วาสนา', 'หุ่นจีน'),
('923', '3.8601E+12', '2551', '2', '1', '1', 'ระพีพัฒน์', 'ศรีมาลา'),
('924', '', '2551', '2', '3', '2', 'Miharu', 'Toyoshima'),
('925', '', '2551', '2', '3', '3', 'Miki', 'Morikawa'),
('926', '3.1202E+11', '2551', '2', '5', '1', 'จิรัฏฐ์', 'เหมือนวิหาร'),
('927', '3.10091E+12', '2551', '2', '5', '1', 'บัญชา', 'อุนพานิช'),
('928', '3.1008E+12', '2551', '2', '5', '1', 'ปริญญา', 'บุญมาเลิศ'),
('929', '6.0149E+12', '2551', '2', '2', '1', 'Xiao Xin', 'She'),
('930', '', '2551', '2', '4', '1', 'Zheng', 'V'),
('931', '3.1001E+12', '2551', '2', '7', '1', 'ทวีศักดิ์', 'ทิพยมหิงษ์'),
('932', '3.1202E+12', '2551', '2', '8', '3', 'จารุวรรณ', 'สุนทรเสณี'),
('933', '3.2499E+12', '2551', '2', '1', '3', 'พรรณา', 'เพียรจัด'),
('934', ' ', '2551', '2', '5', '1', 'ชำนิ', ''),
('935', '3.1015E+12', '2551', '3', '4', '1', 'จิรพร', 'สิงควะนิช'),
('936', '3.1017E+12', '2551', '3', '4', '2', 'ศิริลักษณ์', 'ชัยสังฆะ'),
('937', '', '2551', '3', '4', '3', 'อรอนงค์', 'รัตนะศิลา'),
('938', '5.2002E+12', '2551', '3', '4', '1', 'เฉลย', 'คนฉลาด'),
('939', '3.2097E+12', '2551', '3', '4', '2', 'ณัฐชา', 'วิทยพิเชฐสกุล'),
('940', '3.3503E+12', '2551', '3', '4', '1', 'นิติศักดิ์', 'จินาพันธ์'),
('941', '3.1005E+12', '2551', '3', '4', '2', 'กิ่งฟ้า', 'สีบัวน้อย'),
('942', '3.1005E+12', '2551', '3', '4', '1', 'ศุภภัค', 'วิศาลเวชกิจ'),
('943', '3.101E+12', '2551', '3', '4', '2', 'ยุพิน', 'ประกอบกิจ'),
('944', '5.1007E+12', '2551', '3', '4', '2', 'อมรรัตน์', 'สุวรรณมณี'),
('945', '3.2006E+12', '2551', '3', '4', '2', 'ชื่นผกา', 'พุทธรักษา'),
('946', '3.1109E+12', '2551', '3', '4', '1', 'กฤษณพงศ์', 'เชี่ยวเวช'),
('947', '3.6498E+12', '2551', '3', '4', '1', 'โกศล', 'กิตินิรันดร์กูล'),
('948', '3.3006E+12', '2551', '3', '4', '1', 'สมพงษ์', 'เรียมริมมะดัน'),
('949', '3.2499E+12', '2551', '3', '4', '1', 'คุณณเสฏฐ์', 'หนุนพระเดช'),
('950', '3.2404E+12', '2551', '3', '4', '3', 'สมทรง', 'สุขุมมะสวัสดิ์'),
('951', '3.2005E+12', '2551', '3', '4', '2', 'รุ่งอรุณ', 'กระแสร์สินธุ์'),
('952', '3.1015E+12', '2551', '3', '4', '1', 'ภูมินทร์', 'ชุมนุมพร'),
('953', '3.2303E+12', '2551', '3', '4', '1', 'กุศล', 'สุวรรณรัตน์'),
('954', '', '2551', '2', '3', '1', 'John Richard', 'Gibson'),
('955', '', '2551', '2', '3', '1', 'Simon', 'Marks'),
('956', '', '2551', '2', '3', '1', 'Khagendra Raj', 'Dhakal'),
('957', '3.2499E+12', '2551', '2', '3', '6', 'ชุมศรี', 'นพวงศ์ ณ อยุธยา'),
('958', '3.2402E+12', '2551', '2', '4', '2', 'ดวงพร', 'ราษฎร์เจริญ'),
('959', '3.6299E+12', '2551', '2', '4', '3', 'ถาวรวรรณ', 'วรานนท์'),
('960', '3.2499E+12', '2551', '2', '4', '3', 'ธีรนุช', 'โมกขะเวส'),
('961', '3.2002E+12', '2551', '2', '4', '3', 'ธิติมา', 'โยธินสิริทอง'),
('962', '3.2001E+12', '2551', '2', '4', '3', 'ปรารมณ์', 'บุญถนอม'),
('963', '3.2402E+12', '2551', '2', '4', '2', 'พรพรหม', 'เรืองรัตน์'),
('964', '3.1905E+12', '2551', '2', '4', '3', 'สนองศรี', 'ไชยรบ'),
('965', '3.2406E+12', '2551', '2', '2', '3', 'วรรณา', 'กรัสพรหม'),
('966', '3.101E+12', '2551', '2', '4', '1', 'วีระ', 'ศิลปรัตนาภรณ์'),
('967', '3.1007E+12', '2551', '2', '3', '1', 'สมนึก', 'ใจกล้า'),
('968', '3.7301E+12', '2551', '2', '4', '2', 'สุนุสา', 'จันทร์เลขา'),
('969', '3.2405E+12', '2551', '2', '4', '2', 'สุภาภรณ์', 'บริบูรณ์'),
('970', '3.2002E+12', '2551', '2', '3', '2', 'สุมาลี', 'ธนวุฒิคติวรกุล'),
('971', '3.2001E+12', '2551', '2', '4', '1', 'สุเมธ', 'วงษ์นิพนธ์'),
('972', '3.2099E+12', '2551', '2', '1', '1', 'เสฐียร', 'เขื่อนปัญญา'),
('973', '3.2001E+12', '2551', '2', '3', '2', 'เสาวคนธ์', 'นันทกิจ'),
('974', '3.102E+12', '2551', '2', '4', '1', 'อาภากร', 'เทศพันธ์'),
('975', '3.2001E+12', '2551', '2', '4', '1', 'อำนาจ', 'เวียงพล'),
('976', '3.2009E+12', '2551', '2', '4', '3', 'อุษา', 'ไพรเจริญ'),
('977', '3.1014E+12', '2551', '2', '4', '2', 'จตุพร', 'เปี่ยมจิตรเมตตา'),
('978', '3.1306E+12', '2551', '2', '4', '1', 'ณัชพล', 'ทิพย์โอสถ'),
('979', '3.2199E+12', '2551', '3', '5', '2', 'เกศินี', 'ฉ่องตระกูล'),
('980', '3.2401E+12', '2551', '2', '1', '2', 'เกสร', 'เจริญสิทธิสงค์'),
('981', '', '2551', '2', NULL, '1', 'อัตราจ้าง', ''),
('982', '3.7704E+12', '2551', '2', '4', '3', 'ลักษณา', 'เออร์วิน'),
('983', '3.1199E+12', '2551', '2', '4', '1', 'ธนบดี', 'ฐานะชาลา'),
('984', '3.1005E+12', '2551', '2', '4', '2', 'กิ่งฟ้า', 'สีบัวน้อย'),
('985', '3.2404E+12', '2551', '2', '3', '1', 'สุริยา', 'ช้างพลายแก้ว'),
('986', '3.2405E+12', '2551', '2', '5', '1', 'ทัศไนย', 'ปราณี'),
('987', '3.2499E+12', '2551', '2', '4', '3', 'พิณทอง', 'รัตนวงษ์'),
('988', '3.6799E+12', '2551', '2', '5', '1', 'เจษฎา', 'ถาวรกุล'),
('989', '4.1008E+12', '2551', '2', '4', '3', 'นีรนาท', 'ฐิติปัญโยภาส'),
('990', '3.2103E+12', '2551', '2', '4', '2', 'ภรณ์ชนก', 'บูรนะเรข'),
('991', '3.2499E+12', '2551', '2', '4', '2', 'ธนาพร', 'ภัทรวงศ์วาณิชย์'),
('992', '3.6009E+12', '2551', '2', '4', '1', 'วิโรจน์', 'จำปาทอง'),
('993', '3.4402E+12', '2551', '2', '2', '1', 'เสกสรร', 'มาตวังแสง'),
('994', '3.2499E+12', '2551', '2', '4', '2', 'นพวรรณ', 'ผลชีวิน'),
('995', '3.2006E+12', '2551', '2', '3', '2', 'พุทธิมา', 'คอนหน่าย'),
('996', '3.2006E+12', '2551', '3', '4', '1', 'ชุมพล', 'พืชพันธ์ไพศาล'),
('997', '3.1005E+12', '2551', '2', '2', '2', 'ดวงพร', 'พันธ์แสง'),
('998', '3.2499E+12', '2551', '2', '5', '2', 'ราตรี', 'พึ่งแสง'),
('999', '3.2601E+12', '2551', '2', '2', '2', 'ษมาพร', 'ศรีอิทยาจิต'),
('1000', '3.2403E+12', '2551', '2', '5', '1', 'กีรติ', 'มาซอรี'),
('1001', '3.1101E+12', '2551', '2', '4', '2', 'สมลักษณ์', 'จับศรทิพย์'),
('1002', '3.1006E+12', '2551', '2', '4', '2', 'ชุติมา', 'พึ่งพินิจ'),
('1003', '3.2499E+12', '2551', '2', '4', '1', 'ฐิติวัฒน์', 'กองเซ็น');

-- --------------------------------------------------------

--
-- Table structure for table `mas_department`
--

CREATE TABLE `mas_department` (
  `department_id` varchar(50) NOT NULL,
  `department_code` varchar(50) NOT NULL,
  `department_name` varchar(191) DEFAULT NULL,
  `department_name_eng` varchar(194) DEFAULT NULL,
  `faculty_id` varchar(50) DEFAULT NULL
) ENGINE=InnoDB DEFAULT CHARSET=utf8;

--
-- Dumping data for table `mas_department`
--

INSERT INTO `mas_department` (`department_id`, `department_code`, `department_name`, `department_name_eng`, `faculty_id`) VALUES
('1', '137', 'เทคโนโลยีการศึกษา', '', '2'),
('10', '158', 'ภาษาจีน', '', '2'),
('11', '381', 'อุตสาหกรรมท่องเที่ยว', '', '4'),
('12', '341', 'นิเทศศาสตร์(การประชาสัมพันธ์)', '', '4'),
('13', '342', 'นิเทศาสตร์ศาสตร์(วิทยุกระจายเสียงและวิทยุโทรทัศน์)', '', '4'),
('14', '490', 'การบัญชี', '', '4'),
('15', '491', 'การบริหารทรัพยากรมนุษย์', '', '4'),
('16', '492', 'การตลาด', '', '4'),
('17', '498', 'คอมพิวเตอร์ธุรกิจ', '', '4'),
('18', '447', 'เศรษฐศาสตร์ธุรกิจ', '', '4'),
('19', '405', 'การจัดการ', '', '4'),
('2', '116', 'การศึกษาปฐมวัย', '', '2'),
('20', '362', 'รัฐประศาสนศาสตร์', '', '3'),
('21', '302', 'การพัฒนาชุมชน', '', '3'),
('22', '353', 'ภาษาอังกฤษ', '', '3'),
('23', '354', 'ภาษาอังกฤษธุรกิจ', '', '3'),
('24', '372', 'ภาษาญี่ปุ่น', '', '3'),
('25', '367', 'ศิลปกรรม', '', '3'),
('26', '350', 'นาฏดุริยางคศิลป์ไทย', '', '3'),
('27', '355', 'ภาษาไทย', '', '3'),
('28', '348', 'ดนตรีสากล', '', '3'),
('29', '219', 'เคมี', '', '1'),
('3', '127', 'จิตวิทยาและการแนะแนว', '', '2'),
('30', '218', 'ชีววิทยาประยุกต์', '', '1'),
('31', '252', 'ฟิสิกส์', '', '1'),
('32', '259', 'วิทยาศาสตร์สิ่งแวดล้อม', '', '1'),
('33', '263', 'วิทยาการคอมพิวเตอร์', '', '1'),
('34', '287', 'เทคโนโลยีสารสนเทศ', '', '1'),
('35', '220', 'คณิตศาสตร์', '', '1'),
('36', '274', 'สถิติประยุกต์', '', '1'),
('37', '244', 'คหกรรมศาสตร์ทั่วไป', '', '1'),
('38', '201', 'เกษตรศาสตร์', '', '1'),
('39', '212', 'สาธารณสุขชุมชน', '', '1'),
('4', '126', 'คอมพิวเตอร์ศึกษา', '', '2'),
('40', '257', 'วิทยาศาสตร์ความปลอดภัย', '', '1'),
('41', '569', 'เทคโนโลยีอุตสาหกรรม(การจัดการอุตสาหกรรม)', '', '5'),
('42', '535', 'เทคโนโลยีอุตสาหกรรม(ก่อสร้าง)', '', '5'),
('43', '534', 'วิศวกรรมการจัดการอุตสาหกรรม', '', '5'),
('44', '568', 'วิศวกรรมเครื่องกลยานยนต์', '', '5'),
('45', '570', 'วิศวกรรมไฟฟ้า', '', '5'),
('46', '586', 'ออกแบบผลิตภัณฑ์อุตสาหกรรม', '', '5'),
('47', '218', 'ชีววิทยา', '', '1'),
('48', '252', 'ฟิสิกส์ประยุกต์(คอมพิวเตอร์และอิเล็กทรอนิกส์)', '', '1'),
('49', '244', 'การอาหารและธุรกิจบริการ', '', '1'),
('5', '155', 'ภาษาไทย', '', '2'),
('50', '201', 'เทคโนโลยีการเกษตร', '', '1'),
('51', '340', 'นิเทศศาสตร์', '', '4'),
('52', '382', 'การท่องเที่ยวและการโรงแรม', '', '4'),
('53', '365', 'นิติศาสตร์', '', '3'),
('54', '366', 'รัฐศาสตร์', '', '3'),
('55', '345', 'สารสนเทศศาสตร์และบรรณารักษศาสตร์', 'Information and Library Science', '3'),
('56', '257', 'อาชีวอนามัยและความปลอดภัย', '', '1'),
('57', '269', 'เทคโนโลยีอุตสาหกรรม', 'Industrial Technology', '5'),
('58', '356', 'ภาษาไทยสำหรับชาวต่างประเทศ', '', '3'),
('59', '367', 'ทัศนศิลป์', 'Visual Arts', '3'),
('6', '120', 'คณิตศาสตร์', '', '2'),
('7', '153', 'ภาษาอังกฤษ', '', '2'),
('8', '171', 'สังคมศึกษา', '', '2'),
('9', '161', 'วิทยาศาสตร์ทั่วไป', '', '2');

-- --------------------------------------------------------

--
-- Table structure for table `mas_faculty`
--

CREATE TABLE `mas_faculty` (
  `faculty_id` varchar(50) NOT NULL,
  `faulty_code` varchar(50) NOT NULL,
  `ref_faculty_id` varchar(50) NOT NULL,
  `faculty_name` varchar(191) NOT NULL
) ENGINE=InnoDB DEFAULT CHARSET=utf8;

--
-- Dumping data for table `mas_faculty`
--

INSERT INTO `mas_faculty` (`faculty_id`, `faulty_code`, `ref_faculty_id`, `faculty_name`) VALUES
('1', 'sci', '83', 'คณะวิทยาศาสตร์และเทคโนโลยี'),
('2', 'edu', '11', 'คณะครุศาสตร์'),
('3', 'hum', '64', 'คณะมนุษยศาสตร์และสังคมศาสตร์'),
('4', 'man', '73', 'คณะวิทยาการจัดการ'),
('5', 'ind', '33', 'คณะเทคโนโลยีอุตสาหกรรม'),
('6', 'agr', '26', 'เทคโนโลยีการเกษตร'),
('7', 'op', '346', 'สำนักงานอธิการบดี'),
('8', 'ict', '350', 'สำนักวิทยบริการและเทคโนโลยีสารสนเทศ'),
('9', 'art', '352', 'ศูนย์ศิลปะ วัฒนธรรมและท้องถิ่น'),
('10', 'acm', '353', 'สำนักส่งเสริมวิชาการและงานทะเบียน'),
('11', 'r&d', '473', 'สถาบันวิจัยและพัฒนา'),
('12', 'gdu', '14', 'บัณฑิตวิทยาลัย'),
('13', 'tid', '0', 'สถาบันพัฒนาคุณภาพครู'),
('14', 'tqd', '877', 'สถาบันพัฒนาคุณภาพครู (สพค.)'),
('15', 'ubi', '1', 'หน่วยบ่มเพาะวิสาหกิจ'),
('16', 'ise', '2', 'สถาบันเศรษฐกิจพอเพียง');

-- --------------------------------------------------------

--
-- Table structure for table `mas_program`
--

CREATE TABLE `mas_program` (
  `program_id` varchar(50) NOT NULL,
  `faculty_id` varchar(50) DEFAULT NULL,
  `cat_id` varchar(50) DEFAULT NULL,
  `program_code` varchar(50) DEFAULT NULL,
  `ref_program_id` varchar(50) DEFAULT NULL,
  `ref_isced_id` varchar(50) DEFAULT NULL,
  `program_name` varchar(191) NOT NULL,
  `program_name_eng` varchar(191) DEFAULT NULL
) ENGINE=InnoDB DEFAULT CHARSET=utf8;

--
-- Dumping data for table `mas_program`
--

INSERT INTO `mas_program` (`program_id`, `faculty_id`, `cat_id`, `program_code`, `ref_program_id`, `ref_isced_id`, `program_name`, `program_name_eng`) VALUES
('10', '4', '4', '91', '2021', '3315', 'การบริหารธุรกิจ (การบริหารทรัพยากรมนุษย์)', 'Business Administration(Human Resource Management)'),
('100', '3', '2', '48', '475', '2104', 'ดนตรี (ดนตรีสากล)', 'Classical Music'),
('101', '1', '3', '12', '1165', '7100', 'สาธารณสุขชุมชน', 'Community Health'),
('102', '5', '3', '86', '1225', '5101', 'ออกแบบผลิตภัณฑ์อุตสาหกรรม', 'Industrial Design'),
('103', '1', '1', '20', '357', '4301', 'คณิตศาสตร์', 'Mathematics'),
('104', '1', '3', '44', '370', '8110', 'คหกรรมศาสตร์ทั่วไป', 'General Home Economics'),
('105', '5', '3', '88', '3224', '', 'เทคโนโลยีอุตสาหกรรม (คอมพิวเตอร์อุตสาหกรรม)', 'Industrial Technology(Industrial computer)'),
('106', '3', '1', '55', '787', '2208', 'ภาษาไทย', 'Thai'),
('107', '3', '1', '71', '1149', '1011', 'สังคมศึกษา', 'Social Studies'),
('108', '5', '3', '86', '1225', '5101', 'ออกแบบผลิตภัณฑ์อุตสาหกรรม', 'Industrial Design'),
('109', '4', '4', '5', '24', '3312', 'การจัดการ', 'Management'),
('11', '4', '4', '90', '2022', '3311', 'การบริหารธุรกิจ (การบัญชี)', 'Business Administration(Accounting)'),
('110', '1', '1', '26', '377', '4400', 'คอมพิวเตอร์ศึกษา', 'Computer Education'),
('111', '2', '1', '14', '117', '1011', 'การบริหารการศึกษา', 'Educational Administration'),
('112', '2', '1', ' ', '2239', '2208', 'การสอนภาษาอังกฤษ', 'Teaching English Language'),
('113', '3', '2', ' ', '805', '1009', 'ยุทธศาสตร์การพัฒนา', 'Development Strategy'),
('114', '2', '1', ' ', '1205', '1011', 'หลักสูตรและการสอน', 'Curriculum and Instruction'),
('115', '2', '1', ' ', '', '1008', 'ประกาศนียบัตรบัณฑิตวิชาชีพครู', 'Graduate Diploma of teaching Profession'),
('116', '5', '3', '24', '335', '5307', 'ก่อสร้าง', ''),
('117', '4', '2', '96', '2533', '3315', 'การจัดการทั่วไป (การบริหารงานบุคคล)', ''),
('118', '4', NULL, NULL, NULL, NULL, 'การจัดการเพื่อการพัฒนา', NULL),
('119', '2', '1', ' ', '1756', '3312', 'การจัดการและการประเมินโครงการ', ' '),
('12', '4', '2', '93', '2024', '3300', 'การบริหารธุรกิจ (ธุรกิจบริการ)', 'Business Administration (Service Business)'),
('120', '2', '1', ' ', '117', '1011', 'การบริหารการศึกษา', ' '),
('121', '4', '2', '3', '2538', '3300', 'การบริหารธุรกิจ (การบริหารงานทั่วไป)', ''),
('122', '4', '2', '', '', '3300', 'การบริหารธุรกิจ (บริหารงานทั่วไป)', ''),
('123', '4', '2', '', '', '3300', 'การบริหารธุรกิจ (บริหารงานทั่วไป)', ''),
('124', '2', '1', ' ', '276', '1011', 'การศึกษาเพื่อการพัฒนาท้องถิ่น', 'Ph.D.(Education for Locality Development)'),
('125', '1', '3', ' ', '1273', '6101', 'เกษตรกรรม', ' '),
('126', '1', '3', '25', '376', '4400', 'คอมพิวเตอร์', 'Computer'),
('127', '1', '3', '19', '1283', '4110', 'เคมีปฏิบัติ', ''),
('128', '5', '3', '30', '1319', '', 'เซรามิกส์', ''),
('129', '3', '2', '48', '475', '2104', 'ดนตรี (ดนตรีไทย)', ' '),
('13', '4', '4', '98', '3805', '4400', 'การบริหารธุรกิจ (คอมพิวเตอร์ธุรกิจ)', 'Business Administration(Business Computer)'),
('130', '3', '1', '48', '475', '2104', 'ดนตรีศึกษา', ' '),
('131', '4', '2', '39', '523', '8102', 'ธุรกิจการท่องเที่ยว', ' '),
('132', '4', '2', '38', '2033', '8101', 'ธุรกิจโรงแรม', ' '),
('133', '3', '2', '51', '545', '2106', 'นาฏศิลป์และการละคร', ' '),
('134', '2', '1', ' ', ' ', '1008', 'ประกาศนียบัตรบัณฑิตวิชาชีพครู', ' '),
('135', '2', '1', '6', '677', '1011', 'พลศึกษาและนันทนาการ', ' '),
('136', '1', '3', '49', '700', '6106', 'พืชศาสตร์', ' '),
('137', '5', '3', '76', '1600', '5104', 'ไฟฟ้า', ''),
('138', '3', '2', ' ', '758', '2200', 'ภาษาอังกฤษธุรกิจ', 'Business English'),
('139', '5', '3', '17', '1591', '5103', 'โลหะ', ''),
('14', '2', '1', '10', '175', '1003', 'การประถมศึกษา', 'Elementary Education'),
('140', '2', '1', '14', '879', '1008', 'วิชาชีพครู', ' '),
('141', '2', '1', '65', '1098', '2100', 'ศิลปศึกษา', ''),
('142', '4', '2', ' ', '2328', '3101', 'เศรษฐศาสตร์ธุรกิจ', ' '),
('143', '12', '2', ' ', '1148', '1009', 'สังคมศาสตร์เพื่อการพัฒนา', 'Social Sciences for Development '),
('144', '1', '3', ' ', '1189', '7100', 'สุขศึกษา', ' '),
('145', '1', '3', '73', '1189', '7100', 'สุขศึกษา', ' '),
('146', '5', '3', '82', '1223', '2114', 'ออกแบบประยุกต์ศิลป์', 'Applied Arts Desingn'),
('147', '5', '3', '22', '1254', '5105', 'อิเล็กทรอนิกส์', ''),
('148', '2', '1', '', '1261', '', 'อุตสาหกรรมศิลป์', ''),
('149', '3', '5', '63', '835', '3313', 'รัฐประศาสนศาสตร์(รป.บ.)', 'Public Administration'),
('15', '3', '2', '2', '208', '2200', 'การพัฒนาชุมชน', 'Community Development'),
('150', '4', '5', '64', '3686', '3313', 'การจัดการการคลัง', 'Fiscal Management'),
('151', '3', '5', '64', '2362', '3313', 'การปกครองท้องถิ่น', 'Local Government'),
('152', '3', '2', '55', '6357', '2106', 'นาฏดุริยางคศิลป์ไทย (นาฏศิลป์ไทย)', 'Thai Music and Dramatic Arts'),
('153', '12', '1', '14', '880', '1008', 'วิชาชีพครู', 'Teaching Profession'),
('154', '3', '2', '52', '4001', '2200', 'ภาษาไทยสำหรับชาวต่างประเทศ', 'Thai Language for Foreigners'),
('155', '12', '1', ' ', '10001', '3312', 'การจัดการเพื่อการพัฒนา', 'Management for Development'),
('156', '12', '1', ' ', '1205', '1011', 'หลักสูตรและการสอน', 'Curriculum and Instruction'),
('157', '12', '1', ' ', '2239', '2208', 'การสอนภาษาอังกฤษ', 'English Language Teaching'),
('158', '12', '1', ' ', '117', '1011', 'การบริหารการศึกษา ', 'Educational Administration '),
('159', '12', '10', '99', '1634', '7100', 'การจัดการสุขภาพ', 'Health Management '),
('16', '2', '1', '16', '2420', '1001', 'การศึกษาปฐมวัย', 'Early Childhood Education'),
('160', '1', '3', ' ', '1128', '4303', 'สถิติประยุกต์', 'Applied Statistics'),
('161', '12', '1', ' ', '573', '3314', 'บริหารการศึกษา', 'Educational Administration '),
('162', '12', '3', ' ', '89', '3312', 'การจัดการอุตสาหกรรม', 'Industrial Management '),
('163', '4', '6', '90', '3744', '3311', 'การบัญชี', 'Accounting'),
('164', '4', '7', '47', '1534', '3101', 'เศรษฐศาสตร์เพื่อการจัดการ', 'ABC'),
('165', '12', '1', ' ', ' ', '2208', 'การสอนภาษาอังกฤษ (แผน ข)', 'English Language Teaching'),
('166', '12', '1', ' ', '117', '1011', 'การบริหารการศึกษา', 'Educational Administration '),
('167', '3', '2', '48', '475', '2104', 'ดนตรี (ดนตรีไทย)', 'Thai Music'),
('168', '5', '8', '1', '11', '1', 'test', ''),
('169', '3', '2', '55', '6357', '2106', 'นาฏดุริยางคศิลป์ไทย (ดนตรีไทย)', 'Thai Music and Dramatic Arts'),
('17', '2', '1', ' ', '276', '1011', 'การศึกษาเพื่อการพัฒนาท้องถิ่น', 'Education for Locality Development'),
('170', '2', '1', '14', '880', '', 'วิชาชีพครู', ''),
('171', '1', '3', '52', '718', '4202', 'ฟิสิกส์ประยุกต์', 'Applied Physics'),
('172', '1', '3', '31', '2096', '8101', 'การอาหารและธุรกิจบริการ', 'Food and Service Business'),
('173', '1', '9', '1', '1365', '6000', 'เทคโนโลยีการเกษตร', 'Agricultural Technology'),
('174', '2', '1', '61', '904', '4200', 'วิทยาศาสตร์ทั่วไป', 'Science'),
('175', '1', '10', '12', '1166', '7100', 'สาธารณสุขศาสตร์', 'Public Health'),
('176', '4', '2', '81', '3122', '8101', 'การท่องเที่ยวและการโรงแรม', 'Tourism and Hotel'),
('177', '3', '2', '48', '475', '2104', 'ดนตรีสากล', 'Western Music'),
('178', '3', '2', '55', '486', '2106', 'นาฏดุริยางคศิลป์ไทย', 'Thai Music and Dramatic Arts'),
('179', '5', '3', '85', '1307', '5102', 'เครื่องกล', 'Mechanics'),
('18', '1', '3', '15', '2003', '6101', 'การส่งเสริมและสื่อสารการเกษตร', 'Agriculture Extention and Communication'),
('180', '4', '11', '43', '', '', 'นิเทศศาสตร์', 'SS'),
('181', '5', '3', '88', '3224', '4401', 'เทคโนโลยีอุตสาหกรรม (เทคโนโลยีคอมพิวเตอร์)', 'Industrial Technology(Computer)'),
('182', '4', '4', '92', '101', '3302', 'การตลาด', 'Marketing'),
('183', '4', '4', '91', '136', '3315', 'การบริหารทรัพยากรมนุษย์', 'Human Resource Management'),
('184', '4', '4', '98', '3805', '4400', 'คอมพิวเตอร์ธุรกิจ', 'Business Computer'),
('185', '3', '2', '45', '565', '2200', 'สารสนเทศศาสตร์', 'Information Science'),
('186', '12', '5', '63', '835', '3313', 'รัฐประศาสนศาสตร์', 'PUBLIC ADMINISTRATION'),
('187', '2', '1', '20', '357', '4301', 'การสอนคณิตศาสตร์', 'A'),
('188', '2', '1', '71', '294', '1011', 'การสอนสังคมศึกษา', 'Social Studies Teaching'),
('189', '2', '1', '55', '288', '2208', 'การสอนภาษาไทย', 'Teaching Thai Language'),
('19', '1', '3', '1', '1277', '6101', 'เกษตรศาสตร์', 'Agriculture'),
('190', '2', '1', '53', '2239', '2208', 'การสอนภาษาอังกฤษ', 'Teaching English Language'),
('191', '2', '1', '61', '2085', '1011', 'การสอนวิทยาศาสตร์ทั่วไป', 'Teaching General Science'),
('192', '2', '1', '58', '3765', '2202', 'การสอนภาษาจีน', 'Chinese Teaching'),
('193', '2', '1', '37', '6371', '4400', 'เทคโนโลยีสารสนเทศทางการศึกษาและการสอนภาษาไทย', 'Education Information Technology and Thai Teaching'),
('194', '2', '1', '27', '399', '3108', 'จิตวิทยาการปรึกษาและแนะแนวและการสอนภาษาไทย', 'Counseling Psychology and Guidance and Thai Teachi'),
('195', '3', '5', '60', '2362', '3313', 'รัฐประศาสนศาสตร์(การบริหารรัฐกิจและการปกครองท้องถิ่น)', 'Public Administration and Local Government'),
('196', '12', '3', '99', '1634', '7100', 'วิทยาศาสตรศึกษา', 'Science Education'),
('197', '12', '4', '99', '24', '3312', 'บริหารธุรกิจ', 'Business Administration'),
('198', '3', '12', '66', '547', '3400', 'นิติศาสตร์', 'Laws'),
('199', '1', '3', '57', '1242', '8304', 'ความปลอดภัยและอาชีวอนามัย', 'Safety and Occupational Health'),
('2', '4', '4', '5', '54', '3312', 'การจัดการทั่วไป', 'General Management'),
('20', '2', '1', '20', '357', '4301', 'คณิตศาสตร์', 'Mathematics'),
('200', '12', '2', ' ', '10001', '3312', 'การจัดการเพื่อการพัฒนา', 'Management for Development'),
('201', '5', '3', '36', '1450', '3312', 'เทคโนโลยีอุตสาหกรรม', 'Industrial Technology'),
('202', '12', '1', '14', '117', '1011', 'การบริหารการศึกษา', 'Educational Administration'),
('203', '12', '3', '99', '1634', '7100', 'สหวิทยาการเพื่อการจัดการนวัตกรรมและเทคโนโลยี', 'T'),
('204', '3', '13', '68', '837', '3102', 'รัฐศาสตร์', 'Political Science'),
('205', '3', '2', '45', '1174', '3201', 'สารสนเทศศาสตร์และบรรณารักษศาสตร์', 'Library and information science'),
('206', '2', '1', '14', '880', '1008', 'ประกาศนียบัตรบัณฑิต (วิชาชีพครู)', 'Graduate Diploma (Teaching Profession)'),
('207', '3', '2', '2', '208', '2200', 'การพัฒนาสังคม', 'Social Development'),
('208', '4', '4', '91', '136', '3315', 'การจัดการทรัพยากรมนุษย์', 'Human and Mnagement'),
('209', '4', '2', '81', '3122', '8101', 'การท่องเที่ยว', 'Travel'),
('21', '2', '1', '23', '370', '8110', 'คหกรรมศาสตร์', 'Home Economics'),
('210', '5', '3', '86', '1225', '5101', 'ออกแบบผลิตภัณฑ์', 'Product Design'),
('211', '1', '3', '57', '933', '8304', 'อาชีวอนามัยและความปลอดภัย', 'Occupational Health and Safety'),
('212', '12', '1', '99', '1634', '7100', 'วิทยาศาสตรศึกษา', 'S'),
('213', '2', '1', '37', '6371', '4400', 'เทคโนโลยีการศึกษาและการสอนคอมพิวเตอร์', ''),
('214', '3', '14', '67', '1094', '2100', 'ทัศนศิลป์', 'Visual Arts'),
('215', '1', '3', '1', '', '', 'เคมีชีวภาพและพลังงานทางเลือก', 'ฺBiological Chemistry and Alternative Energy'),
('216', '2', '1', '37', '6371', '4400', 'เทคโนโลยีดิจิทัลเพื่อการศึกษา', ''),
('217', '4', '4', '93', '2020', '3302', 'การจัดการธุรกิจการค้าสมัยใหม่', ''),
('218', '1', '3', '59', '951', '8300', 'การจัดการทรัพยากรธรรมชาติและสิ่งแวดล้อม', ''),
('219', '3', '14', '55', '486', '2106', 'ดุริยางคศิลป์ไทย', ''),
('22', '1', '3', '44', '370', '8110', 'คหกรรมศาสตร์ทั่วไป', ' Home Economics'),
('220', '5', '9', '36', '1450', '3312', 'เทคโนโลยีอุตสาหกรรม', 'Industrial Technology'),
('221', '5', '9', '86', '1225', '5101', 'ออกแบบผลิตภัณฑ์', 'Industrial Design'),
('222', '3', '14', '48', '475', '2104', 'ดนตรีสากล', ''),
('23', '1', '3', '25', '376', '4400', 'คอมพิวเตอร์', 'Computer'),
('24', '2', '1', '26', '380', '4400', 'คอมพิวเตอร์ศึกษา', 'Computer Education'),
('25', '1', '3', '19', '1283', '4110', 'เคมี', 'Chemistry'),
('26', '5', '3', '85', '1307', '5102', 'เครื่องกล', 'Mechanics'),
('27', '2', '1', '27', '413', '3108', 'จิตวิทยาและการแนะแนว', 'Psychology and Guidance'),
('28', '1', '3', '28', '431', '4101', 'ชีววิทยา', 'Biology'),
('29', '1', '3', '18', '431', '4101', 'ชีววิทยาประยุกต์', 'Applied Biology'),
('3', '4', '2', '97', '101', '3302', 'การจัดการทั่วไป (การตลาด)', 'General Management(Marketing)'),
('30', '5', '3', '30', '1319', '', 'เซรามิกส์', 'Ceramics'),
('31', '3', '2', '48', '475', '2104', 'ดนตรี (ดนตรีสากล)', 'Classical Music'),
('32', '2', '1', '32', '473', '2104', 'ดนตรีศึกษา', 'Education Musics'),
('33', '2', '1', '37', '1359', '4400', 'เทคโนโลยีการศึกษา', 'Educational Technology'),
('34', '5', '3', '33', '2044', '', 'เทคโนโลยีเซรามิกส์', 'Ceramics Techonology'),
('35', '2', '1', '37', '1473', '4400', 'เทคโนโลยีและนวัตกรรมการศึกษา', 'Educational Technology and Innovation'),
('36', '1', '3', '87', '1423', '4405', 'เทคโนโลยีสารสนเทศ', 'Information Technology'),
('37', '5', '3', '88', '3224', '4400', 'เทคโนโลยีอุตสาหกรรม (คอมพิวเตอร์อุตสาหกรรม)', 'Industrial Technology (Industrial Computer)'),
('38', '5', '3', '35', '1450', '5308', 'เทคโนโลยีอุตสาหกรรม (เทคโนโลยีก่อสร้าง)', 'Industrial Technology(Construction)'),
('39', '5', '3', '69', '1450', '3312', 'เทคโนโลยีอุตสาหกรรม (เทคโนโลยีการจัดการอุตสาหกรรม)', 'Industrial Technology(Industrial ManagementTechnology)'),
('4', '4', '2', '96', '2533', '3315', 'การจัดการทั่วไป (การบริหารทรัพยากรมนุษย์)', 'General Management(Human Resource Management)'),
('40', '5', '3', '66', '2036', '5101', 'เทคโนโลยีอุตสาหกรรม (เทคโนโลยีการผลิต)', 'Industrial Technology(Production)'),
('41', '5', '3', '68', '2038', '5102', 'เทคโนโลยีอุตสาหกรรม (เทคโนโลยีเครื่องกล)', 'Industrial Technology(Mechanics)'),
('42', '5', '3', '75', '2281', '4405', 'เทคโนโลยีอุตสาหกรรม (เทคโนโลยีโทรคมนาคม)', 'Industrial Technology(Telecommunication Technology)'),
('43', '5', '3', '70', '2039', '5104', 'เทคโนโลยีอุตสาหกรรม (เทคโนโลยีไฟฟ้าอุตสาหกรรม)', 'Industrial Technology(Electricity)'),
('44', '5', '3', '64', '2041', '5300', 'เทคโนโลยีอุตสาหกรรม (เทคโนโลยีสถาปัตยกรรม)', 'Industrial Technology (Architectural Technology)'),
('45', '5', '3', '80', '2043', '5105', 'เทคโนโลยีอุตสาหกรรม (เทคโนโลยีอิเล็กทรอนิกส์)', 'Industrial Technology(Electronics)'),
('46', '5', '3', '89', '2042', '5101', 'เทคโนโลยีอุตสาหกรรม (ออกแบบผลิตภัณฑ์อุตสาหกรรม)', 'Industrial Technology(Industrial Design)'),
('47', '4', '2', '39', '523', '8102', 'ธุรกิจการท่องเที่ยว', 'Tourism'),
('48', '4', '2', '38', '2033', '8101', 'ธุรกิจโรงแรม', 'Hotel Business'),
('49', '2', '1', '41', '528', '1011', 'ธุรกิจศึกษา', 'Business Education'),
('5', '4', '2', '95', '162', '3311', 'การจัดการทั่วไป (การบัญชี)', 'General Management(Accounting)'),
('50', '3', '2', '42', '543', '2106', 'นาฏศิลป์', 'Drama'),
('51', '3', '2', '51', '545', '2106', 'นาฏศิลป์และการละคร', 'Dance and Drama'),
('52', '4', '11', '41', '553', '2200', 'นิเทศศาสตร์', 'Communication Arts'),
('53', '4', '2', '41', '2026', '2200', 'นิเทศศาสตร์ (การประชาสัมพันธ์)', 'Communication Arts'),
('54', '4', '2', '42', '553', '2200', 'นิเทศศาสตร์ (วิทยุกระจายเสียงและวิทยุโทรทัศน์)', 'Communication Arts'),
('55', '3', '2', '45', '565', '3201', 'บรรณารักษศาสตร์และสารนิเทศศาสตร์', 'Library and Information Science'),
('56', '2', '1', ' ', ' ', '1008', 'ประกาศนียบัตรบัณฑิตวิชาชีพครู', 'Graduate Diploma of teaching Profession'),
('57', '2', '1', '6', '677', '1011', 'พลศึกษา', 'Physical Education'),
('58', '1', '3', '49', '700', '6106', 'พืชศาสตร์', 'Plant Science'),
('59', '1', '3', '52', '716', '4202', 'ฟิสิกส์', 'Physics'),
('6', '2', '1', '14', '117', '1011', 'การบริหารการศึกษา', 'Educational Administration'),
('60', '5', '3', '76', '1600', '5104', 'ไฟฟ้า', 'Electricity'),
('61', '3', '2', '72', '733', '2200', 'ภาษาญี่ปุ่น', 'Japanese'),
('62', '2', '1', '55', '288', '2208', 'ภาษาไทย', 'Thai'),
('63', '2', '1', '53', '2239', '2208', 'ภาษาอังกฤษ', 'English'),
('64', '3', '2', '53', '757', '2200', 'ภาษาอังกฤษ', 'English'),
('65', '3', '2', ' ', '805', '1009', 'ยุทธศาสตร์การพัฒนา', 'Development Strategy'),
('66', '3', '2', '62', '835', '3313', 'รัฐประศาสนศาสตร์', 'Public Administration'),
('67', '5', '3', '17', '1591', '5103', 'โลหะ', 'Metal Trade'),
('68', '2', '1', ' ', '879', '1008', 'วิชาชีพครู', 'Sports Coaching and Management'),
('69', '1', '3', '63', '886', '4401', 'วิทยาการคอมพิวเตอร์', 'Computer Science'),
('7', '4', '2', '94', '141', '3300', 'การบริหารธุรกิจ', 'Business Administration'),
('70', '2', '1', '61', '904', '4200', 'วิทยาศาสตร์', 'Science'),
('71', '1', '3', '57', '933', '8304', 'วิทยาศาสตร์ความปลอดภัย', 'Safety Science'),
('72', '1', '3', '61', '941', '4000', 'วิทยาศาสตร์ทั่วไป', 'General Science'),
('73', '1', '3', '31', '965', '5201', 'วิทยาศาสตร์และเทคโนโลยีการอาหาร', 'Sciences and Food Techonology'),
('74', '1', '3', '59', '951', '8300', 'วิทยาศาสตร์สิ่งแวดล้อม', 'Environmental Science'),
('75', '5', '8', '34', '981', '3312', 'วิศวกรรมการจัดการอุตสาหกรรม', 'Industrial Management Engineering'),
('76', '5', '3', '36', '6421', '5102', 'วิศวกรรมเครื่องกลยานยนต์', 'Automotive Mechanical Engineering'),
('77', '5', '3', '29', '1062', '5104', 'วิศวกรรมไฟฟ้า', 'Electrical Engineering'),
('78', '3', '2', '67', '1094', '2100', 'ศิลปกรรม', 'Fine and Applied Arts'),
('79', '2', '1', '65', '1098', '2100', 'ศิลปศึกษา', 'Art Education'),
('8', '4', '4', '92', '2020', '3302', 'การบริหารธุรกิจ (การตลาด)', 'Business Administration(Marketing)'),
('80', '4', '2', ' ', '1148', '1009', 'สังคมศาสตร์เพื่อการพัฒนา', 'Social Sciences for Development'),
('81', '2', '1', '71', '294', '1011', 'สังคมศึกษา', 'Social Studies'),
('82', '1', '3', '12', '1165', '7100', 'สาธารณสุขชุมชน', 'Community Health'),
('83', '1', '3', '73', '1189', '7100', 'สุขศึกษา', 'Health Education'),
('84', '2', '1', ' ', '1205', '1011', 'หลักสูตรและการสอน', 'Curriculum and Instruction'),
('85', '5', '3', '82', '1223', '2114', 'ออกแบบประยุกต์ศิลป์', 'Applied Arts Desing'),
('86', '5', '3', '86', '1746', '', 'ออกแบบผลิตภัณฑ์อุตสาหกรรม1', 'Industrial Design'),
('87', '5', '3', '22', '1254', '5105', 'อิเล็กทรอนิกส์', 'Electronics'),
('88', '4', '2', '81', '1258', '8101', 'อุตสาหกรรมท่องเที่ยว', 'Tourism Industry'),
('89', '2', '1', '77', '1261', '', 'อุตสาหกรรมศิลป์', 'Industrial Arts.'),
('9', '4', '2', '3', '2538', '3300', 'การบริหารธุรกิจ (การบริหารงานทั่วไป)', 'Business Administration'),
('90', '2', '1', '58', '3765', '2202', 'ภาษาจีน', 'Chinese'),
('91', '4', '2', '5', '54', '3312', 'การจัดการทั่วไป', 'General Management'),
('92', '2', '1', '14', '117', '1011', 'การบริหารการศึกษา', 'Educational Administration'),
('93', '4', '2', '94', '141', '3300', 'การบริหารธุรกิจ', 'Business Administration'),
('94', '4', '2', '92', '2020', '3302', 'การบริหารธุรกิจ (การตลาด)', 'Business Administration(Marketing)'),
('95', '4', '2', '91', '2021', '3315', 'การบริหารธุรกิจ (การบริหารทรัพยากรมนุษย์)', 'Business Administration(Human Resource Management)'),
('96', '4', '2', '90', '2022', '3311', 'การบริหารธุรกิจ (การบัญชี)', 'Business Administration(Accounting)'),
('97', '4', '2', '93', '2024', '3300', 'การบริหารธุรกิจ (ธุรกิจบริการ)', 'Business Administration (Service Business)'),
('98', '3', '2', '2', '208', '2200', 'การพัฒนาชุมชน', 'Community Development'),
('99', '2', '1', '16', '169', '1001', 'การศึกษาปฐมวัย', 'Early Childhood Education');

-- --------------------------------------------------------

--
-- Table structure for table `mas_title`
--

CREATE TABLE `mas_title` (
  `title_id` varchar(50) NOT NULL,
  `title_name` varchar(191) DEFAULT NULL,
  `title_name_eng` varchar(191) DEFAULT NULL
) ENGINE=InnoDB DEFAULT CHARSET=utf8;

--
-- Dumping data for table `mas_title`
--

INSERT INTO `mas_title` (`title_id`, `title_name`, `title_name_eng`) VALUES
('1', 'นาย', 'Mr.'),
('10', 'จ่าโท', 'PO 2'),
('100', 'พระครูปลัด', 'Ven.'),
('101', 'Mrs.', 'Mrs.'),
('102', 'Miss.', 'Miss.'),
('103', 'พลอาสา', ''),
('104', 'ว่าที่เรืออากาศตรี', 'Acting Plt.Off.'),
('105', 'พันจ่าโทหญิง', ''),
('106', 'ผศ.ดร.', 'Asst Prof Dr.'),
('107', 'รศ.ดร.', 'Assoc Prof Dr.'),
('108', 'ว่าที่ร้อยตำรวจเอก', 'Acting Capt.'),
('109', 'ดาบตำรวจ', 'Pol.Sen.Sgt.Maj.'),
('11', 'จ่าโทหญิง', 'PO 2'),
('110', 'ว่าที่ร้อยเอกหญิง', 'Acting Capt.'),
('111', 'ร้อยเอกหญิง', 'Capt.'),
('12', 'จ่าสิบตรี', 'SM 3'),
('13', 'จ่าสิบตรีหญิง', 'SM 3'),
('14', 'จ่าสิบตำรวจ', 'Pol.Sgt.Maj.'),
('15', 'จ่าสิบตำรวจหญิง', 'Pol.Sgt.Maj.'),
('16', 'จ่าสิบโท', 'SM 2'),
('17', 'จ่าสิบโทหญิง', 'SM 2'),
('18', 'จ่าสิบเอก', 'SM 1'),
('19', 'จ่าสิบเอกหญิง', 'SM 1'),
('2', 'นางสาว', 'Miss'),
('20', 'จ่าอากาศตรีหญิง', 'LAC'),
('21', 'จ่าอากาศโท', 'Cpl.'),
('22', 'จ่าอากาศเอก', 'Sgt.'),
('23', 'จ่าอากาศเอกหญิง', 'Sgt.'),
('24', 'จ่าเอก', 'PO 1'),
('25', 'จ่าเอกหญิง', 'PO 1'),
('26', 'นายดาบตำรวจ', 'Pol.Sen.Sgt.Maj.'),
('27', 'นาวาตรี', 'LCdr.'),
('28', 'นาวาตรีหญิง', 'LCdr.'),
('29', 'นาวาโท', 'Cdr.'),
('3', 'นาง', 'Mrs.'),
('30', 'พระ', 'Ven.'),
('31', 'พระครู', 'Ven.'),
('32', 'พระครูใบฎีกา', 'Ven.'),
('33', 'พระมหา', 'Ven.'),
('34', 'พระราชปริยัติกวี', 'Ven.'),
('35', 'พลตำรวจ', 'Pol.const'),
('36', 'พลตำรวจสมัคร', NULL),
('37', 'พลตำรวจสำรอง', NULL),
('38', 'พลตำรวจสำรอง(พิเศษ)', NULL),
('39', 'พลตำรวจหญิง', 'Pol.const'),
('4', 'ว่าที่ร้อยตรี', 'Acting Sub Lt.'),
('40', 'พลทหาร', 'Amn.'),
('41', 'พลอาสาสมัคร', 'Army Etc.'),
('42', 'พันจ่าตรี', 'CPO 3'),
('43', 'พันจ่าโท', 'CPO 2'),
('44', 'พันจ่าอากาศตรี', 'FS 3'),
('45', 'พันจ่าอากาศโท', 'FS 2'),
('46', 'พันจ่าอากาศเอก', 'FS 1'),
('47', 'พันจ่าเอก', 'CPO 1'),
('48', 'พันจ่าเอกหญิง', 'CPO 1'),
('49', 'พันตรี', 'Maj.'),
('5', 'ดร.', 'Dr.'),
('50', 'พันตรีหญิง', 'Maj.'),
('51', 'พันตำรวจตรี', 'Pol.Maj.'),
('52', 'พันตำรวจโท', 'Pol.Lt.Col.'),
('53', 'พันตำรวจเอก', 'Pol.Col.'),
('54', 'พันโท', 'Lt.Col.'),
('55', 'พันอากาศเอก', 'FS1'),
('56', 'ร้อยตรี', 'SubLt.'),
('57', 'ร้อยตรีหญิง', 'SubLt.'),
('58', 'ร้อยตำรวจตรี', 'Pol.Sub.Lt.'),
('59', 'ร้อยตำรวจโท', 'Pol.Lt.'),
('6', 'ผศ.', 'Assist. Prof'),
('60', 'ร้อยตำรวจเอก', 'Pol.Capt.'),
('61', 'ร้อยตำรวจเอกหญิง', 'Pol.Capt.'),
('62', 'ร้อยโท', 'Lt.'),
('63', 'ร้อยโทหญิง', 'Lt.'),
('64', 'ร้อยเอก', 'Capt.'),
('65', 'เรือตรี', 'SubLt.'),
('66', 'เรือโท', 'Lt.JG.'),
('67', 'เรือโทหญิง', 'Lt.JG.'),
('68', 'เรืออากาศตรี', 'Plt.Off.'),
('69', 'เรืออากาศเอก', 'Flt.Lt.'),
('7', 'ว่าที่ร้อยตรีหญิง', 'Acting Sub Lt.'),
('70', 'เรือเอก', 'Lt.'),
('71', 'เรือเอกหญิง', 'Lt.'),
('72', 'ว่าที่พันตรี', NULL),
('73', 'ว่าที่ร้อยโท', 'Acting Lt.'),
('74', 'ว่าที่ร้อยเอก', 'Acting Capt.'),
('75', 'ว่าที่เรือตรี', 'Acting SubLt.'),
('76', 'ว่าที่เรือเอก', NULL),
('77', 'สามเณร', NULL),
('78', 'สิบตรี', 'Pfc.'),
('79', 'สิบตรีหญิง', 'Pfc.'),
('8', 'จ่าตรี', 'PO 3'),
('80', 'สิบตำรวจตรี', 'Pol.L/C.'),
('81', 'สิบตำรวจตรีหญิง', 'Pol.L/C.'),
('82', 'สิบตำรวจโท', 'Pol.Cpl.'),
('83', 'สิบตำรวจโทหญิง', 'Pol.Cpl.'),
('84', 'สิบตำรวจเอก', 'Pol.Sgt.'),
('85', 'สิบตำรวจเอกหญิง', 'Pol.Sgt'),
('86', 'สิบโท', 'Cpl.'),
('87', 'สิบโทหญิง', 'Cpl.'),
('88', 'สิบเอก', 'Sgt.'),
('89', 'สิบเอกหญิง', 'Sgt.'),
('9', 'จ่าตรีหญิง', 'PO 3'),
('90', 'ร้อยตำรวจโทหญิง', 'Pol.Lt.'),
('91', 'จ่าตำรวจเอก', NULL),
('92', 'ดาบตำรวจตรี', NULL),
('93', 'จ่าอากาศโทหญิง', ''),
('94', 'นาวาโทหญิง', ''),
('95', 'พันตำรวจตรีหญิง', 'Pol.Maj.'),
('96', 'Mr.', 'Mr.'),
('97', 'พระมหานาวาเอก', 'Ven.'),
('98', 'พันเอก', ''),
('99', 'จ่าอากาศตรี', '');

-- --------------------------------------------------------

--
-- Table structure for table `migrations`
--

CREATE TABLE `migrations` (
  `id` int(10) UNSIGNED NOT NULL,
  `migration` varchar(255) NOT NULL,
  `batch` int(11) NOT NULL
) ENGINE=InnoDB DEFAULT CHARSET=utf8;

--
-- Dumping data for table `migrations`
--

INSERT INTO `migrations` (`id`, `migration`, `batch`) VALUES
(1, '2014_10_12_000000_create_users_table', 1),
(2, '2014_10_12_100000_create_password_resets_table', 1);

-- --------------------------------------------------------

--
-- Table structure for table `password_resets`
--

CREATE TABLE `password_resets` (
  `email` varchar(255) NOT NULL,
  `token` varchar(255) NOT NULL,
  `created_at` timestamp NULL DEFAULT NULL
) ENGINE=InnoDB DEFAULT CHARSET=utf8;

-- --------------------------------------------------------

--
-- Table structure for table `users`
--

CREATE TABLE `users` (
  `id` bigint(20) UNSIGNED NOT NULL,
  `name` varchar(255) NOT NULL,
  `email` varchar(255) NOT NULL,
  `email_verified_at` timestamp NULL DEFAULT NULL,
  `password` varchar(255) NOT NULL,
  `remember_token` varchar(100) DEFAULT NULL,
  `created_at` timestamp NULL DEFAULT NULL,
  `updated_at` timestamp NULL DEFAULT NULL
) ENGINE=InnoDB DEFAULT CHARSET=utf8;

--
-- Indexes for dumped tables
--

--
-- Indexes for table `mas_department`
--
ALTER TABLE `mas_department`
  ADD PRIMARY KEY (`department_id`,`department_code`);

--
-- Indexes for table `mas_program`
--
ALTER TABLE `mas_program`
  ADD PRIMARY KEY (`program_id`);

--
-- Indexes for table `mas_title`
--
ALTER TABLE `mas_title`
  ADD PRIMARY KEY (`title_id`);

--
-- Indexes for table `migrations`
--
ALTER TABLE `migrations`
  ADD PRIMARY KEY (`id`);

--
-- Indexes for table `password_resets`
--
ALTER TABLE `password_resets`
  ADD KEY `password_resets_email_index` (`email`);

--
-- Indexes for table `users`
--
ALTER TABLE `users`
  ADD PRIMARY KEY (`id`),
  ADD UNIQUE KEY `users_email_unique` (`email`);

--
-- AUTO_INCREMENT for dumped tables
--

--
-- AUTO_INCREMENT for table `migrations`
--
ALTER TABLE `migrations`
  MODIFY `id` int(10) UNSIGNED NOT NULL AUTO_INCREMENT, AUTO_INCREMENT=3;

--
-- AUTO_INCREMENT for table `users`
--
ALTER TABLE `users`
  MODIFY `id` bigint(20) UNSIGNED NOT NULL AUTO_INCREMENT;
--
-- Database: `ct`
--
CREATE DATABASE IF NOT EXISTS `ct` DEFAULT CHARACTER SET utf8 COLLATE utf8_general_ci;
USE `ct`;

-- --------------------------------------------------------

--
-- Table structure for table `migrations`
--

CREATE TABLE `migrations` (
  `id` int(10) UNSIGNED NOT NULL,
  `migration` varchar(191) COLLATE utf8_unicode_ci NOT NULL,
  `batch` int(11) NOT NULL
) ENGINE=InnoDB DEFAULT CHARSET=utf8 COLLATE=utf8_unicode_ci;

--
-- Dumping data for table `migrations`
--

INSERT INTO `migrations` (`id`, `migration`, `batch`) VALUES
(1, '2014_10_12_000000_create_users_table', 1),
(2, '2014_10_12_100000_create_password_resets_table', 1),
(3, '2020_08_26_165748_create_posts_table', 1);

-- --------------------------------------------------------

--
-- Table structure for table `password_resets`
--

CREATE TABLE `password_resets` (
  `email` varchar(191) COLLATE utf8_unicode_ci NOT NULL,
  `token` varchar(191) COLLATE utf8_unicode_ci NOT NULL,
  `created_at` timestamp NULL DEFAULT NULL
) ENGINE=InnoDB DEFAULT CHARSET=utf8 COLLATE=utf8_unicode_ci;

-- --------------------------------------------------------

--
-- Table structure for table `posts`
--

CREATE TABLE `posts` (
  `id` int(10) UNSIGNED NOT NULL,
  `created_at` timestamp NULL DEFAULT NULL,
  `updated_at` timestamp NULL DEFAULT NULL,
  `title` varchar(191) COLLATE utf8_unicode_ci DEFAULT NULL,
  `content` text COLLATE utf8_unicode_ci DEFAULT NULL,
  `category` varchar(191) COLLATE utf8_unicode_ci NOT NULL
) ENGINE=InnoDB DEFAULT CHARSET=utf8 COLLATE=utf8_unicode_ci;

-- --------------------------------------------------------

--
-- Table structure for table `users`
--

CREATE TABLE `users` (
  `id` bigint(20) UNSIGNED NOT NULL,
  `name` varchar(191) COLLATE utf8_unicode_ci NOT NULL,
  `email` varchar(191) COLLATE utf8_unicode_ci NOT NULL,
  `email_verified_at` timestamp NULL DEFAULT NULL,
  `password` varchar(191) COLLATE utf8_unicode_ci NOT NULL,
  `remember_token` varchar(100) COLLATE utf8_unicode_ci DEFAULT NULL,
  `created_at` timestamp NULL DEFAULT NULL,
  `updated_at` timestamp NULL DEFAULT NULL
) ENGINE=InnoDB DEFAULT CHARSET=utf8 COLLATE=utf8_unicode_ci;

--
-- Dumping data for table `users`
--

INSERT INTO `users` (`id`, `name`, `email`, `email_verified_at`, `password`, `remember_token`, `created_at`, `updated_at`) VALUES
(1, 'san', 'san@gmail.com', NULL, '$2y$10$usG6sHpKtxAFYoX3Mfrq0uYKNikYQNagXrDCNX0KSd.YcjpvvEH1G', NULL, '2020-09-03 01:48:02', '2020-09-03 01:48:02');

--
-- Indexes for dumped tables
--

--
-- Indexes for table `migrations`
--
ALTER TABLE `migrations`
  ADD PRIMARY KEY (`id`);

--
-- Indexes for table `password_resets`
--
ALTER TABLE `password_resets`
  ADD KEY `password_resets_email_index` (`email`);

--
-- Indexes for table `posts`
--
ALTER TABLE `posts`
  ADD PRIMARY KEY (`id`);

--
-- Indexes for table `users`
--
ALTER TABLE `users`
  ADD PRIMARY KEY (`id`),
  ADD UNIQUE KEY `users_email_unique` (`email`);

--
-- AUTO_INCREMENT for dumped tables
--

--
-- AUTO_INCREMENT for table `migrations`
--
ALTER TABLE `migrations`
  MODIFY `id` int(10) UNSIGNED NOT NULL AUTO_INCREMENT, AUTO_INCREMENT=4;

--
-- AUTO_INCREMENT for table `posts`
--
ALTER TABLE `posts`
  MODIFY `id` int(10) UNSIGNED NOT NULL AUTO_INCREMENT;

--
-- AUTO_INCREMENT for table `users`
--
ALTER TABLE `users`
  MODIFY `id` bigint(20) UNSIGNED NOT NULL AUTO_INCREMENT, AUTO_INCREMENT=2;
--
-- Database: `person`
--
CREATE DATABASE IF NOT EXISTS `person` DEFAULT CHARACTER SET utf8 COLLATE utf8_general_ci;
USE `person`;
--
-- Database: `phpmyadmin`
--
CREATE DATABASE IF NOT EXISTS `phpmyadmin` DEFAULT CHARACTER SET utf8 COLLATE utf8_bin;
USE `phpmyadmin`;

-- --------------------------------------------------------

--
-- Table structure for table `pma__bookmark`
--

CREATE TABLE `pma__bookmark` (
  `id` int(10) UNSIGNED NOT NULL,
  `dbase` varchar(255) COLLATE utf8_bin NOT NULL DEFAULT '',
  `user` varchar(255) COLLATE utf8_bin NOT NULL DEFAULT '',
  `label` varchar(255) CHARACTER SET utf8 NOT NULL DEFAULT '',
  `query` text COLLATE utf8_bin NOT NULL
) ENGINE=InnoDB DEFAULT CHARSET=utf8 COLLATE=utf8_bin COMMENT='Bookmarks';

-- --------------------------------------------------------

--
-- Table structure for table `pma__central_columns`
--

CREATE TABLE `pma__central_columns` (
  `db_name` varchar(64) COLLATE utf8_bin NOT NULL,
  `col_name` varchar(64) COLLATE utf8_bin NOT NULL,
  `col_type` varchar(64) COLLATE utf8_bin NOT NULL,
  `col_length` text COLLATE utf8_bin DEFAULT NULL,
  `col_collation` varchar(64) COLLATE utf8_bin NOT NULL,
  `col_isNull` tinyint(1) NOT NULL,
  `col_extra` varchar(255) COLLATE utf8_bin DEFAULT '',
  `col_default` text COLLATE utf8_bin DEFAULT NULL
) ENGINE=InnoDB DEFAULT CHARSET=utf8 COLLATE=utf8_bin COMMENT='Central list of columns';

-- --------------------------------------------------------

--
-- Table structure for table `pma__column_info`
--

CREATE TABLE `pma__column_info` (
  `id` int(5) UNSIGNED NOT NULL,
  `db_name` varchar(64) COLLATE utf8_bin NOT NULL DEFAULT '',
  `table_name` varchar(64) COLLATE utf8_bin NOT NULL DEFAULT '',
  `column_name` varchar(64) COLLATE utf8_bin NOT NULL DEFAULT '',
  `comment` varchar(255) CHARACTER SET utf8 NOT NULL DEFAULT '',
  `mimetype` varchar(255) CHARACTER SET utf8 NOT NULL DEFAULT '',
  `transformation` varchar(255) COLLATE utf8_bin NOT NULL DEFAULT '',
  `transformation_options` varchar(255) COLLATE utf8_bin NOT NULL DEFAULT '',
  `input_transformation` varchar(255) COLLATE utf8_bin NOT NULL DEFAULT '',
  `input_transformation_options` varchar(255) COLLATE utf8_bin NOT NULL DEFAULT ''
) ENGINE=InnoDB DEFAULT CHARSET=utf8 COLLATE=utf8_bin COMMENT='Column information for phpMyAdmin';

-- --------------------------------------------------------

--
-- Table structure for table `pma__designer_settings`
--

CREATE TABLE `pma__designer_settings` (
  `username` varchar(64) COLLATE utf8_bin NOT NULL,
  `settings_data` text COLLATE utf8_bin NOT NULL
) ENGINE=InnoDB DEFAULT CHARSET=utf8 COLLATE=utf8_bin COMMENT='Settings related to Designer';

-- --------------------------------------------------------

--
-- Table structure for table `pma__export_templates`
--

CREATE TABLE `pma__export_templates` (
  `id` int(5) UNSIGNED NOT NULL,
  `username` varchar(64) COLLATE utf8_bin NOT NULL,
  `export_type` varchar(10) COLLATE utf8_bin NOT NULL,
  `template_name` varchar(64) COLLATE utf8_bin NOT NULL,
  `template_data` text COLLATE utf8_bin NOT NULL
) ENGINE=InnoDB DEFAULT CHARSET=utf8 COLLATE=utf8_bin COMMENT='Saved export templates';

-- --------------------------------------------------------

--
-- Table structure for table `pma__favorite`
--

CREATE TABLE `pma__favorite` (
  `username` varchar(64) COLLATE utf8_bin NOT NULL,
  `tables` text COLLATE utf8_bin NOT NULL
) ENGINE=InnoDB DEFAULT CHARSET=utf8 COLLATE=utf8_bin COMMENT='Favorite tables';

-- --------------------------------------------------------

--
-- Table structure for table `pma__history`
--

CREATE TABLE `pma__history` (
  `id` bigint(20) UNSIGNED NOT NULL,
  `username` varchar(64) COLLATE utf8_bin NOT NULL DEFAULT '',
  `db` varchar(64) COLLATE utf8_bin NOT NULL DEFAULT '',
  `table` varchar(64) COLLATE utf8_bin NOT NULL DEFAULT '',
  `timevalue` timestamp NOT NULL DEFAULT current_timestamp(),
  `sqlquery` text COLLATE utf8_bin NOT NULL
) ENGINE=InnoDB DEFAULT CHARSET=utf8 COLLATE=utf8_bin COMMENT='SQL history for phpMyAdmin';

-- --------------------------------------------------------

--
-- Table structure for table `pma__navigationhiding`
--

CREATE TABLE `pma__navigationhiding` (
  `username` varchar(64) COLLATE utf8_bin NOT NULL,
  `item_name` varchar(64) COLLATE utf8_bin NOT NULL,
  `item_type` varchar(64) COLLATE utf8_bin NOT NULL,
  `db_name` varchar(64) COLLATE utf8_bin NOT NULL,
  `table_name` varchar(64) COLLATE utf8_bin NOT NULL
) ENGINE=InnoDB DEFAULT CHARSET=utf8 COLLATE=utf8_bin COMMENT='Hidden items of navigation tree';

-- --------------------------------------------------------

--
-- Table structure for table `pma__pdf_pages`
--

CREATE TABLE `pma__pdf_pages` (
  `db_name` varchar(64) COLLATE utf8_bin NOT NULL DEFAULT '',
  `page_nr` int(10) UNSIGNED NOT NULL,
  `page_descr` varchar(50) CHARACTER SET utf8 NOT NULL DEFAULT ''
) ENGINE=InnoDB DEFAULT CHARSET=utf8 COLLATE=utf8_bin COMMENT='PDF relation pages for phpMyAdmin';

-- --------------------------------------------------------

--
-- Table structure for table `pma__recent`
--

CREATE TABLE `pma__recent` (
  `username` varchar(64) COLLATE utf8_bin NOT NULL,
  `tables` text COLLATE utf8_bin NOT NULL
) ENGINE=InnoDB DEFAULT CHARSET=utf8 COLLATE=utf8_bin COMMENT='Recently accessed tables';

--
-- Dumping data for table `pma__recent`
--

INSERT INTO `pma__recent` (`username`, `tables`) VALUES
('root', '[{\"db\":\"course\",\"table\":\"mas_department\"},{\"db\":\"course\",\"table\":\"password_resets\"},{\"db\":\"course\",\"table\":\"migrations\"},{\"db\":\"course\",\"table\":\"mas_title\"},{\"db\":\"course\",\"table\":\"mas_program\"},{\"db\":\"course\",\"table\":\"mas_faculty\"},{\"db\":\"course\",\"table\":\"instructor\"},{\"db\":\"tqf\",\"table\":\"mas_faculty\"},{\"db\":\"blog\",\"table\":\"blogs\"}]');

-- --------------------------------------------------------

--
-- Table structure for table `pma__relation`
--

CREATE TABLE `pma__relation` (
  `master_db` varchar(64) COLLATE utf8_bin NOT NULL DEFAULT '',
  `master_table` varchar(64) COLLATE utf8_bin NOT NULL DEFAULT '',
  `master_field` varchar(64) COLLATE utf8_bin NOT NULL DEFAULT '',
  `foreign_db` varchar(64) COLLATE utf8_bin NOT NULL DEFAULT '',
  `foreign_table` varchar(64) COLLATE utf8_bin NOT NULL DEFAULT '',
  `foreign_field` varchar(64) COLLATE utf8_bin NOT NULL DEFAULT ''
) ENGINE=InnoDB DEFAULT CHARSET=utf8 COLLATE=utf8_bin COMMENT='Relation table';

-- --------------------------------------------------------

--
-- Table structure for table `pma__savedsearches`
--

CREATE TABLE `pma__savedsearches` (
  `id` int(5) UNSIGNED NOT NULL,
  `username` varchar(64) COLLATE utf8_bin NOT NULL DEFAULT '',
  `db_name` varchar(64) COLLATE utf8_bin NOT NULL DEFAULT '',
  `search_name` varchar(64) COLLATE utf8_bin NOT NULL DEFAULT '',
  `search_data` text COLLATE utf8_bin NOT NULL
) ENGINE=InnoDB DEFAULT CHARSET=utf8 COLLATE=utf8_bin COMMENT='Saved searches';

-- --------------------------------------------------------

--
-- Table structure for table `pma__table_coords`
--

CREATE TABLE `pma__table_coords` (
  `db_name` varchar(64) COLLATE utf8_bin NOT NULL DEFAULT '',
  `table_name` varchar(64) COLLATE utf8_bin NOT NULL DEFAULT '',
  `pdf_page_number` int(11) NOT NULL DEFAULT 0,
  `x` float UNSIGNED NOT NULL DEFAULT 0,
  `y` float UNSIGNED NOT NULL DEFAULT 0
) ENGINE=InnoDB DEFAULT CHARSET=utf8 COLLATE=utf8_bin COMMENT='Table coordinates for phpMyAdmin PDF output';

-- --------------------------------------------------------

--
-- Table structure for table `pma__table_info`
--

CREATE TABLE `pma__table_info` (
  `db_name` varchar(64) COLLATE utf8_bin NOT NULL DEFAULT '',
  `table_name` varchar(64) COLLATE utf8_bin NOT NULL DEFAULT '',
  `display_field` varchar(64) COLLATE utf8_bin NOT NULL DEFAULT ''
) ENGINE=InnoDB DEFAULT CHARSET=utf8 COLLATE=utf8_bin COMMENT='Table information for phpMyAdmin';

-- --------------------------------------------------------

--
-- Table structure for table `pma__table_uiprefs`
--

CREATE TABLE `pma__table_uiprefs` (
  `username` varchar(64) COLLATE utf8_bin NOT NULL,
  `db_name` varchar(64) COLLATE utf8_bin NOT NULL,
  `table_name` varchar(64) COLLATE utf8_bin NOT NULL,
  `prefs` text COLLATE utf8_bin NOT NULL,
  `last_update` timestamp NOT NULL DEFAULT current_timestamp() ON UPDATE current_timestamp()
) ENGINE=InnoDB DEFAULT CHARSET=utf8 COLLATE=utf8_bin COMMENT='Tables'' UI preferences';

-- --------------------------------------------------------

--
-- Table structure for table `pma__tracking`
--

CREATE TABLE `pma__tracking` (
  `db_name` varchar(64) COLLATE utf8_bin NOT NULL,
  `table_name` varchar(64) COLLATE utf8_bin NOT NULL,
  `version` int(10) UNSIGNED NOT NULL,
  `date_created` datetime NOT NULL,
  `date_updated` datetime NOT NULL,
  `schema_snapshot` text COLLATE utf8_bin NOT NULL,
  `schema_sql` text COLLATE utf8_bin DEFAULT NULL,
  `data_sql` longtext COLLATE utf8_bin DEFAULT NULL,
  `tracking` set('UPDATE','REPLACE','INSERT','DELETE','TRUNCATE','CREATE DATABASE','ALTER DATABASE','DROP DATABASE','CREATE TABLE','ALTER TABLE','RENAME TABLE','DROP TABLE','CREATE INDEX','DROP INDEX','CREATE VIEW','ALTER VIEW','DROP VIEW') COLLATE utf8_bin DEFAULT NULL,
  `tracking_active` int(1) UNSIGNED NOT NULL DEFAULT 1
) ENGINE=InnoDB DEFAULT CHARSET=utf8 COLLATE=utf8_bin COMMENT='Database changes tracking for phpMyAdmin';

-- --------------------------------------------------------

--
-- Table structure for table `pma__userconfig`
--

CREATE TABLE `pma__userconfig` (
  `username` varchar(64) COLLATE utf8_bin NOT NULL,
  `timevalue` timestamp NOT NULL DEFAULT current_timestamp() ON UPDATE current_timestamp(),
  `config_data` text COLLATE utf8_bin NOT NULL
) ENGINE=InnoDB DEFAULT CHARSET=utf8 COLLATE=utf8_bin COMMENT='User preferences storage for phpMyAdmin';

--
-- Dumping data for table `pma__userconfig`
--

INSERT INTO `pma__userconfig` (`username`, `timevalue`, `config_data`) VALUES
('root', '2020-09-17 09:58:00', '{\"Console\\/Mode\":\"collapse\",\"DefaultConnectionCollation\":\"utf8_general_ci\",\"Export\\/file_template_server\":\"@SERVER@course\"}');

-- --------------------------------------------------------

--
-- Table structure for table `pma__usergroups`
--

CREATE TABLE `pma__usergroups` (
  `usergroup` varchar(64) COLLATE utf8_bin NOT NULL,
  `tab` varchar(64) COLLATE utf8_bin NOT NULL,
  `allowed` enum('Y','N') COLLATE utf8_bin NOT NULL DEFAULT 'N'
) ENGINE=InnoDB DEFAULT CHARSET=utf8 COLLATE=utf8_bin COMMENT='User groups with configured menu items';

-- --------------------------------------------------------

--
-- Table structure for table `pma__users`
--

CREATE TABLE `pma__users` (
  `username` varchar(64) COLLATE utf8_bin NOT NULL,
  `usergroup` varchar(64) COLLATE utf8_bin NOT NULL
) ENGINE=InnoDB DEFAULT CHARSET=utf8 COLLATE=utf8_bin COMMENT='Users and their assignments to user groups';

--
-- Indexes for dumped tables
--

--
-- Indexes for table `pma__bookmark`
--
ALTER TABLE `pma__bookmark`
  ADD PRIMARY KEY (`id`);

--
-- Indexes for table `pma__central_columns`
--
ALTER TABLE `pma__central_columns`
  ADD PRIMARY KEY (`db_name`,`col_name`);

--
-- Indexes for table `pma__column_info`
--
ALTER TABLE `pma__column_info`
  ADD PRIMARY KEY (`id`),
  ADD UNIQUE KEY `db_name` (`db_name`,`table_name`,`column_name`);

--
-- Indexes for table `pma__designer_settings`
--
ALTER TABLE `pma__designer_settings`
  ADD PRIMARY KEY (`username`);

--
-- Indexes for table `pma__export_templates`
--
ALTER TABLE `pma__export_templates`
  ADD PRIMARY KEY (`id`),
  ADD UNIQUE KEY `u_user_type_template` (`username`,`export_type`,`template_name`);

--
-- Indexes for table `pma__favorite`
--
ALTER TABLE `pma__favorite`
  ADD PRIMARY KEY (`username`);

--
-- Indexes for table `pma__history`
--
ALTER TABLE `pma__history`
  ADD PRIMARY KEY (`id`),
  ADD KEY `username` (`username`,`db`,`table`,`timevalue`);

--
-- Indexes for table `pma__navigationhiding`
--
ALTER TABLE `pma__navigationhiding`
  ADD PRIMARY KEY (`username`,`item_name`,`item_type`,`db_name`,`table_name`);

--
-- Indexes for table `pma__pdf_pages`
--
ALTER TABLE `pma__pdf_pages`
  ADD PRIMARY KEY (`page_nr`),
  ADD KEY `db_name` (`db_name`);

--
-- Indexes for table `pma__recent`
--
ALTER TABLE `pma__recent`
  ADD PRIMARY KEY (`username`);

--
-- Indexes for table `pma__relation`
--
ALTER TABLE `pma__relation`
  ADD PRIMARY KEY (`master_db`,`master_table`,`master_field`),
  ADD KEY `foreign_field` (`foreign_db`,`foreign_table`);

--
-- Indexes for table `pma__savedsearches`
--
ALTER TABLE `pma__savedsearches`
  ADD PRIMARY KEY (`id`),
  ADD UNIQUE KEY `u_savedsearches_username_dbname` (`username`,`db_name`,`search_name`);

--
-- Indexes for table `pma__table_coords`
--
ALTER TABLE `pma__table_coords`
  ADD PRIMARY KEY (`db_name`,`table_name`,`pdf_page_number`);

--
-- Indexes for table `pma__table_info`
--
ALTER TABLE `pma__table_info`
  ADD PRIMARY KEY (`db_name`,`table_name`);

--
-- Indexes for table `pma__table_uiprefs`
--
ALTER TABLE `pma__table_uiprefs`
  ADD PRIMARY KEY (`username`,`db_name`,`table_name`);

--
-- Indexes for table `pma__tracking`
--
ALTER TABLE `pma__tracking`
  ADD PRIMARY KEY (`db_name`,`table_name`,`version`);

--
-- Indexes for table `pma__userconfig`
--
ALTER TABLE `pma__userconfig`
  ADD PRIMARY KEY (`username`);

--
-- Indexes for table `pma__usergroups`
--
ALTER TABLE `pma__usergroups`
  ADD PRIMARY KEY (`usergroup`,`tab`,`allowed`);

--
-- Indexes for table `pma__users`
--
ALTER TABLE `pma__users`
  ADD PRIMARY KEY (`username`,`usergroup`);

--
-- AUTO_INCREMENT for dumped tables
--

--
-- AUTO_INCREMENT for table `pma__bookmark`
--
ALTER TABLE `pma__bookmark`
  MODIFY `id` int(10) UNSIGNED NOT NULL AUTO_INCREMENT;

--
-- AUTO_INCREMENT for table `pma__column_info`
--
ALTER TABLE `pma__column_info`
  MODIFY `id` int(5) UNSIGNED NOT NULL AUTO_INCREMENT;

--
-- AUTO_INCREMENT for table `pma__export_templates`
--
ALTER TABLE `pma__export_templates`
  MODIFY `id` int(5) UNSIGNED NOT NULL AUTO_INCREMENT;

--
-- AUTO_INCREMENT for table `pma__history`
--
ALTER TABLE `pma__history`
  MODIFY `id` bigint(20) UNSIGNED NOT NULL AUTO_INCREMENT;

--
-- AUTO_INCREMENT for table `pma__pdf_pages`
--
ALTER TABLE `pma__pdf_pages`
  MODIFY `page_nr` int(10) UNSIGNED NOT NULL AUTO_INCREMENT;

--
-- AUTO_INCREMENT for table `pma__savedsearches`
--
ALTER TABLE `pma__savedsearches`
  MODIFY `id` int(5) UNSIGNED NOT NULL AUTO_INCREMENT;
--
-- Database: `room`
--
CREATE DATABASE IF NOT EXISTS `room` DEFAULT CHARACTER SET utf8 COLLATE utf8_general_ci;
USE `room`;
--
-- Database: `test`
--
CREATE DATABASE IF NOT EXISTS `test` DEFAULT CHARACTER SET latin1 COLLATE latin1_swedish_ci;
USE `test`;
--
-- Database: `toilet`
--
CREATE DATABASE IF NOT EXISTS `toilet` DEFAULT CHARACTER SET utf8 COLLATE utf8_general_ci;
USE `toilet`;

-- --------------------------------------------------------

--
-- Table structure for table `migrations`
--

CREATE TABLE `migrations` (
  `id` int(10) UNSIGNED NOT NULL,
  `migration` varchar(191) COLLATE utf8mb4_unicode_ci NOT NULL,
  `batch` int(11) NOT NULL
) ENGINE=InnoDB DEFAULT CHARSET=utf8mb4 COLLATE=utf8mb4_unicode_ci;

--
-- Dumping data for table `migrations`
--

INSERT INTO `migrations` (`id`, `migration`, `batch`) VALUES
(1, '2014_10_12_000000_create_users_table', 1),
(2, '2014_10_12_100000_create_password_resets_table', 1);

-- --------------------------------------------------------

--
-- Table structure for table `password_resets`
--

CREATE TABLE `password_resets` (
  `email` varchar(191) COLLATE utf8mb4_unicode_ci NOT NULL,
  `token` varchar(191) COLLATE utf8mb4_unicode_ci NOT NULL,
  `created_at` timestamp NULL DEFAULT NULL
) ENGINE=InnoDB DEFAULT CHARSET=utf8mb4 COLLATE=utf8mb4_unicode_ci;

-- --------------------------------------------------------

--
-- Table structure for table `users`
--

CREATE TABLE `users` (
  `id` bigint(20) UNSIGNED NOT NULL,
  `name` varchar(191) COLLATE utf8mb4_unicode_ci NOT NULL,
  `email` varchar(191) COLLATE utf8mb4_unicode_ci NOT NULL,
  `email_verified_at` timestamp NULL DEFAULT NULL,
  `password` varchar(191) COLLATE utf8mb4_unicode_ci NOT NULL,
  `remember_token` varchar(100) COLLATE utf8mb4_unicode_ci DEFAULT NULL,
  `created_at` timestamp NULL DEFAULT NULL,
  `updated_at` timestamp NULL DEFAULT NULL
) ENGINE=InnoDB DEFAULT CHARSET=utf8mb4 COLLATE=utf8mb4_unicode_ci;

--
-- Dumping data for table `users`
--

INSERT INTO `users` (`id`, `name`, `email`, `email_verified_at`, `password`, `remember_token`, `created_at`, `updated_at`) VALUES
(1, 'san', 'san@gmail.com', NULL, '$2y$10$LKmXJfNEquyGHcMhlwar2.8giIRf1/A69Pkm/K1zwpFKczp.4Eecq', NULL, '2020-09-09 04:58:04', '2020-09-09 04:58:04');

--
-- Indexes for dumped tables
--

--
-- Indexes for table `migrations`
--
ALTER TABLE `migrations`
  ADD PRIMARY KEY (`id`);

--
-- Indexes for table `password_resets`
--
ALTER TABLE `password_resets`
  ADD KEY `password_resets_email_index` (`email`);

--
-- Indexes for table `users`
--
ALTER TABLE `users`
  ADD PRIMARY KEY (`id`),
  ADD UNIQUE KEY `users_email_unique` (`email`);

--
-- AUTO_INCREMENT for dumped tables
--

--
-- AUTO_INCREMENT for table `migrations`
--
ALTER TABLE `migrations`
  MODIFY `id` int(10) UNSIGNED NOT NULL AUTO_INCREMENT, AUTO_INCREMENT=3;

--
-- AUTO_INCREMENT for table `users`
--
ALTER TABLE `users`
  MODIFY `id` bigint(20) UNSIGNED NOT NULL AUTO_INCREMENT, AUTO_INCREMENT=2;
--
-- Database: `tqf`
--
CREATE DATABASE IF NOT EXISTS `tqf` DEFAULT CHARACTER SET utf8 COLLATE utf8_general_ci;
USE `tqf`;

-- --------------------------------------------------------

--
-- Table structure for table `mas_faculty`
--

CREATE TABLE `mas_faculty` (
  `faculty_id` varchar(191) NOT NULL,
  `faculty_code` varchar(191) NOT NULL,
  `ref_fac_id` varchar(191) NOT NULL,
  `faculty_name` varchar(191) NOT NULL
) ENGINE=InnoDB DEFAULT CHARSET=utf8;

--
-- Dumping data for table `mas_faculty`
--

INSERT INTO `mas_faculty` (`faculty_id`, `faculty_code`, `ref_fac_id`, `faculty_name`) VALUES
('CULTY_ID', 'FACULTY_CODE', 'REF_FAC_ID', 'FACULTY_NAME'),
('1', 'sci', '83', 'คณะวิทยาศาสตร์และเทคโนโลยี'),
('2', 'edu', '11', 'คณะครุศาสตร์'),
('3', 'hum', '64', 'คณะมนุษยศาสตร์และสังคมศาสตร์'),
('4', 'man', '73', 'คณะวิทยาการจัดการ'),
('5', 'ind', '33', 'คณะเทคโนโลยีอุตสาหกรรม'),
('6', 'agr', '26', 'เทคโนโลยีการเกษตร'),
('7', 'op', '346', 'สำนักงานอธิการบดี'),
('8', 'ict', '350', 'สำนักวิทยบริการและเทคโนโลยีสารสนเทศ'),
('9', 'art', '352', 'ศูนย์ศิลปะ วัฒนธรรมและท้องถิ่น'),
('10', 'acm', '353', 'สำนักส่งเสริมวิชาการและงานทะเบียน'),
('11', 'r&d', '473', 'สถาบันวิจัยและพัฒนา'),
('12', 'gdu', '14', 'บัณฑิตวิทยาลัย'),
('13', 'tid', '0', 'สถาบันพัฒนาคุณภาพครู'),
('14', 'tqd', '877', 'สถาบันพัฒนาคุณภาพครู (สพค.)'),
('15', 'ubi', '1', 'หน่วยบ่มเพาะวิสาหกิจ'),
('16', 'ise', '2', 'สถาบันเศรษฐกิจพอเพียง');

-- --------------------------------------------------------

--
-- Table structure for table `migrations`
--

CREATE TABLE `migrations` (
  `id` int(10) UNSIGNED NOT NULL,
  `migration` varchar(191) NOT NULL,
  `batch` int(11) NOT NULL
) ENGINE=InnoDB DEFAULT CHARSET=utf8;

--
-- Dumping data for table `migrations`
--

INSERT INTO `migrations` (`id`, `migration`, `batch`) VALUES
(1, '2014_10_12_000000_create_users_table', 1),
(2, '2014_10_12_100000_create_password_resets_table', 1),
(3, '2020_09_17_012344_create_mas_faculty_table', 1);

-- --------------------------------------------------------

--
-- Table structure for table `password_resets`
--

CREATE TABLE `password_resets` (
  `email` varchar(191) NOT NULL,
  `token` varchar(191) NOT NULL,
  `created_at` timestamp NULL DEFAULT NULL
) ENGINE=InnoDB DEFAULT CHARSET=utf8;

-- --------------------------------------------------------

--
-- Table structure for table `users`
--

CREATE TABLE `users` (
  `id` bigint(20) UNSIGNED NOT NULL,
  `name` varchar(191) NOT NULL,
  `email` varchar(191) NOT NULL,
  `email_verified_at` timestamp NULL DEFAULT NULL,
  `password` varchar(191) NOT NULL,
  `remember_token` varchar(100) DEFAULT NULL,
  `created_at` timestamp NULL DEFAULT NULL,
  `updated_at` timestamp NULL DEFAULT NULL
) ENGINE=InnoDB DEFAULT CHARSET=utf8;

--
-- Indexes for dumped tables
--

--
-- Indexes for table `migrations`
--
ALTER TABLE `migrations`
  ADD PRIMARY KEY (`id`);

--
-- Indexes for table `password_resets`
--
ALTER TABLE `password_resets`
  ADD KEY `password_resets_email_index` (`email`);

--
-- Indexes for table `users`
--
ALTER TABLE `users`
  ADD PRIMARY KEY (`id`),
  ADD UNIQUE KEY `users_email_unique` (`email`);

--
-- AUTO_INCREMENT for dumped tables
--

--
-- AUTO_INCREMENT for table `migrations`
--
ALTER TABLE `migrations`
  MODIFY `id` int(10) UNSIGNED NOT NULL AUTO_INCREMENT, AUTO_INCREMENT=4;

--
-- AUTO_INCREMENT for table `users`
--
ALTER TABLE `users`
  MODIFY `id` bigint(20) UNSIGNED NOT NULL AUTO_INCREMENT;
COMMIT;

/*!40101 SET CHARACTER_SET_CLIENT=@OLD_CHARACTER_SET_CLIENT */;
/*!40101 SET CHARACTER_SET_RESULTS=@OLD_CHARACTER_SET_RESULTS */;
/*!40101 SET COLLATION_CONNECTION=@OLD_COLLATION_CONNECTION */;
